,ANO,CONCELHO,NCCO
0,2013,Abrantes,62
1,2013,Aguiar da Beira,24
2,2013,Alandroal,13
3,2013,Albergaria-a-Velha,98
4,2013,Albergaria-a-velha,1
5,2013,Albufeira,40
6,2013,Alcanena,25
7,2013,Alcobaça,92
8,2013,Alcochete,26
9,2013,Alcoutim,11
10,2013,Alcácer Do Sal,12
11,2013,Alcácer do Sal,2
12,2013,Alenquer,117
13,2013,Alfândega Da Fé,1
14,2013,Alfândega da Fé,24
15,2013,Alijó,71
16,2013,Aljezur,7
17,2013,Aljustrel,30
18,2013,Almada,100
19,2013,Almeida,20
20,2013,Almeirim,30
21,2013,Almodôvar,14
22,2013,Alpiarça,19
23,2013,Alter do Chão,9
24,2013,Alvaiázere,20
25,2013,Amadora,64
26,2013,Amarante,562
27,2013,Amares,58
28,2013,Anadia,41
29,2013,Ansião,16
30,2013,Arcos De Valdevez,20
31,2013,Arcos de Valdevez,271
32,2013,Arganil,57
33,2013,Armamar,20
34,2013,Arouca,128
35,2013,Arraiolos,10
36,2013,Arronches,8
37,2013,Arruda dos Vinhos,67
38,2013,Aveiro,88
39,2013,Avis,12
40,2013,Azambuja,93
41,2013,Baião,220
42,2013,Barcelos,196
43,2013,Barrancos,2
44,2013,Barreiro,58
45,2013,Batalha,10
46,2013,Beja,119
47,2013,Belmonte,18
48,2013,Benavente,53
49,2013,Bombarral,32
50,2013,Borba,6
51,2013,Boticas,110
52,2013,Braga,184
53,2013,Bragança,74
54,2013,Cabeceiras De Basto,19
55,2013,Cabeceiras de Basto,120
56,2013,Cadaval,41
57,2013,Caldas Da Rainha,17
58,2013,Caldas da Rainha,59
59,2013,Caminha,139
60,2013,Campo Maior,31
61,2013,Cantanhede,69
62,2013,Carrazeda de Ansiães,44
63,2013,Carregal do Sal,30
64,2013,Cartaxo,32
65,2013,Cascais,73
66,2013,Castanheira de Pêra,13
67,2013,Castelo Branco,70
68,2013,Castelo De Vide,1
69,2013,Castelo de Paiva,74
70,2013,Castelo de Vide,5
71,2013,Castro Daire,179
72,2013,Castro Marim,11
73,2013,Castro Verde,20
74,2013,Celorico De Basto,57
75,2013,Celorico da Beira,24
76,2013,Celorico de Basto,225
77,2013,Chamusca,48
78,2013,Chaves,191
79,2013,Cinfães,262
80,2013,Coimbra,88
81,2013,Condeixa-a-Nova,20
82,2013,Condeixa-a-nova,2
83,2013,Constância,9
84,2013,Coruche,49
85,2013,Covilhã,93
86,2013,Crato,7
87,2013,Cuba,3
88,2013,Elvas,67
89,2013,Entroncamento,11
90,2013,Espinho,60
91,2013,Esposende,24
92,2013,Estarreja,38
93,2013,Estremoz,22
94,2013,Fafe,250
95,2013,Faro,32
96,2013,Felgueiras,402
97,2013,Ferreira do Alentejo,19
98,2013,Ferreira do Zêzere,11
99,2013,Figueira Da Foz,3
100,2013,Figueira da Foz,86
101,2013,Figueira de Castelo Rodrigo,57
102,2013,Figueiró dos Vinhos,20
103,2013,Fornos de Algodres,17
104,2013,Freixo de Espada à Cinta,29
105,2013,Fronteira,11
106,2013,Fundão,112
107,2013,Gavião,16
108,2013,Golegã,5
109,2013,Gondomar,500
110,2013,Gouveia,67
111,2013,Grândola,30
112,2013,Guarda,47
113,2013,Guimarães,272
114,2013,Góis,18
115,2013,Idanha-a-Nova,53
116,2013,Lagoa,25
117,2013,Lagos,24
118,2013,Lamego,153
119,2013,Leiria,135
120,2013,Lisboa,125
121,2013,Loulé,76
122,2013,Loures,135
123,2013,Lourinhã,59
124,2013,Lousada,348
125,2013,Lousã,25
126,2013,Macedo De Cavaleiros,8
127,2013,Macedo de Cavaleiros,52
128,2013,Mafra,118
129,2013,Maia,251
130,2013,Mangualde,74
131,2013,Manteigas,1
132,2013,Marco De Canaveses,18
133,2013,Marco de Canaveses,428
134,2013,Marinha Grande,34
135,2013,Marvão,10
136,2013,Matosinhos,96
137,2013,Mação,15
138,2013,Mealhada,31
139,2013,Melgaço,68
140,2013,Mesão Frio,10
141,2013,Mesão frio,9
142,2013,Mira,36
143,2013,Miranda do Corvo,43
144,2013,Miranda do Douro,22
145,2013,Mirandela,80
146,2013,Mogadouro,26
147,2013,Moimenta Da Beira,3
148,2013,Moimenta da Beira,77
149,2013,Moita,108
150,2013,Monchique,9
151,2013,Mondim De Basto,1
152,2013,Mondim de Basto,27
153,2013,Monforte,5
154,2013,Montalegre,239
155,2013,Montemor-o-Novo,18
156,2013,Montemor-o-Velho,54
157,2013,Montemor-o-novo,4
158,2013,Montemor-o-velho,2
159,2013,Montijo,100
160,2013,Monção,174
161,2013,Mora,2
162,2013,Mortágua,13
163,2013,Moura,60
164,2013,Mourão,8
165,2013,Murtosa,10
166,2013,Murça,46
167,2013,Mértola,15
168,2013,Mêda,54
169,2013,Nazaré,14
170,2013,Nelas,77
171,2013,Nisa,26
172,2013,ODIVELAS,55
173,2013,Odemira,52
174,2013,Odivelas,102
175,2013,Oeiras,76
176,2013,Oleiros,7
177,2013,Olhão,33
178,2013,Oliveira De Azeméis,3
179,2013,Oliveira De Frades,1
180,2013,Oliveira Do Hospital,8
181,2013,Oliveira de Azeméis,89
182,2013,Oliveira de Frades,73
183,2013,Oliveira do Bairro,43
184,2013,Oliveira do Hospital,73
185,2013,Ourique,14
186,2013,Ourém,57
187,2013,Ovar,63
188,2013,Palmela,152
189,2013,Pampilhosa da Serra,28
190,2013,Paredes,808
191,2013,Paredes De Coura,8
192,2013,Paredes de Coura,96
193,2013,Paços De Ferreira,2
194,2013,Paços de Ferreira,398
195,2013,Pedrógão Grande,29
196,2013,Penacova,115
197,2013,Penafiel,670
198,2013,Penalva Do Castelo,1
199,2013,Penalva do Castelo,33
200,2013,Penamacor,23
201,2013,Penedono,18
202,2013,Penela,24
203,2013,Peniche,51
204,2013,Peso da Régua,45
205,2013,Pinhel,48
206,2013,Pombal,87
207,2013,Ponte Da Barca,40
208,2013,Ponte De Lima,24
209,2013,Ponte da Barca,193
210,2013,Ponte de Lima,340
211,2013,Ponte de Sor,32
212,2013,Portalegre,12
213,2013,Portel,7
214,2013,Portimão,33
215,2013,Porto,1
216,2013,Porto De Mós,5
217,2013,Porto de Mós,45
218,2013,Proença-a-Nova,18
219,2013,Póvoa De Lanhoso,13
220,2013,Póvoa De Varzim,16
221,2013,Póvoa de Lanhoso,174
222,2013,Póvoa de Varzim,108
223,2013,Redondo,7
224,2013,Reguengos de Monsaraz,23
225,2013,Resende,88
226,2013,Ribeira De Pena,34
227,2013,Ribeira de Pena,44
228,2013,Rio Maior,40
229,2013,Sabrosa,20
230,2013,Sabugal,44
231,2013,Salvaterra de Magos,30
232,2013,Santa Comba Dão,22
233,2013,Santa Maria Da Feira,3
234,2013,Santa Maria da Feira,236
235,2013,Santa Marta De Penaguião,7
236,2013,Santa Marta de Penaguião,24
237,2013,Santarém,136
238,2013,Santiago do Cacém,40
239,2013,Santo Tirso,443
240,2013,Sardoal,9
241,2013,Seia,60
242,2013,Seixal,109
243,2013,Sernancelhe,60
244,2013,Serpa,27
245,2013,Sertã,51
246,2013,Sesimbra,46
247,2013,Setúbal,88
248,2013,Sever Do Vouga,1
249,2013,Sever do Vouga,117
250,2013,Silves,78
251,2013,Sines,26
252,2013,Sintra,279
253,2013,Sobral De Monte Agraço,28
254,2013,Sobral de Monte Agraço,13
255,2013,Soure,32
256,2013,Sousel,4
257,2013,Sátão,38
258,2013,São Brás de Alportel,11
259,2013,São João Da Pesqueira,1
260,2013,São João da Madeira,5
261,2013,São João da Pesqueira,31
262,2013,São Pedro Do Sul,3
263,2013,São Pedro do Sul,35
264,2013,TROFA,40
265,2013,Tabuaço,23
266,2013,Tarouca,24
267,2013,Tavira,42
268,2013,Terras De Bouro,35
269,2013,Terras de Bouro,32
270,2013,Tomar,104
271,2013,Tondela,166
272,2013,Torre De Moncorvo,5
273,2013,Torre de Moncorvo,37
274,2013,Torres Novas,65
275,2013,Torres Vedras,200
276,2013,Trancoso,61
277,2013,Trofa,52
278,2013,Tábua,46
279,2013,VIZELA,2
280,2013,Vagos,39
281,2013,Vale De Cambra,2
282,2013,Vale de Cambra,188
283,2013,Valença,195
284,2013,Valongo,181
285,2013,Valpaços,127
286,2013,Vendas Novas,8
287,2013,Viana Do Castelo,42
288,2013,Viana do Alentejo,9
289,2013,Viana do Castelo,197
290,2013,Vidigueira,31
291,2013,Vieira Do Minho,4
292,2013,Vieira do Minho,117
293,2013,Vila Do Conde,1
294,2013,Vila FLor,28
295,2013,Vila Franca de Xira,81
296,2013,Vila Nova De Cerveira,1
297,2013,Vila Nova De Famalicão,25
298,2013,Vila Nova De Foz Côa,52
299,2013,Vila Nova De Gaia,55
300,2013,Vila Nova da Barquinha,18
301,2013,Vila Nova de Cerveira,74
302,2013,Vila Nova de Famalicão,210
303,2013,Vila Nova de Gaia,422
304,2013,Vila Nova de Paiva,94
305,2013,Vila Nova de Poiares,28
306,2013,Vila Pouca de Aguiar,121
307,2013,Vila Real,155
308,2013,Vila Real de Santo António,8
309,2013,Vila Velha De Ródão,6
310,2013,Vila Velha de Ródão,14
311,2013,Vila Verde,247
312,2013,Vila Viçosa,5
313,2013,Vila de Rei,6
314,2013,Vila do Bispo,13
315,2013,Vila do Conde,209
316,2013,Vimioso,19
317,2013,Vinhais,56
318,2013,Viseu,267
319,2013,Vizela,35
320,2013,Vouzela,65
321,2013,Águeda,224
322,2013,Évora,56
323,2013,Ílhavo,33
324,2013,Óbidos,38
325,2014,Abrantes,34
326,2014,Aguiar da Beira,11
327,2014,Alandroal,14
328,2014,Albergaria-a-Velha,45
329,2014,Albergaria-a-velha,5
330,2014,Albufeira,34
331,2014,Alcanena,26
332,2014,Alcobaça,39
333,2014,Alcochete,16
334,2014,Alcoutim,11
335,2014,Alcácer Do Sal,12
336,2014,Alcácer do Sal,8
337,2014,Alenquer,77
338,2014,Alfândega Da Fé,8
339,2014,Alfândega da Fé,12
340,2014,Alijó,30
341,2014,Aljezur,6
342,2014,Aljustrel,18
343,2014,Almada,107
344,2014,Almeida,15
345,2014,Almeirim,30
346,2014,Almodôvar,9
347,2014,Alpiarça,18
348,2014,Alter do Chão,5
349,2014,Alvaiázere,15
350,2014,Alvito,3
351,2014,Amadora,29
352,2014,Amarante,111
353,2014,Amares,22
354,2014,Anadia,24
355,2014,Ansião,12
356,2014,Arcos De Valdevez,29
357,2014,Arcos de Valdevez,52
358,2014,Arganil,24
359,2014,Armamar,11
360,2014,Arouca,41
361,2014,Arraiolos,13
362,2014,Arronches,10
363,2014,Arruda dos Vinhos,27
364,2014,Aveiro,40
365,2014,Avis,9
366,2014,Azambuja,47
367,2014,Baião,44
368,2014,Barcelos,58
369,2014,Barrancos,3
370,2014,Barreiro,23
371,2014,Batalha,4
372,2014,Beja,68
373,2014,Belmonte,11
374,2014,Benavente,34
375,2014,Bombarral,29
376,2014,Borba,8
377,2014,Boticas,38
378,2014,Braga,36
379,2014,Bragança,56
380,2014,Cabeceiras De Basto,30
381,2014,Cabeceiras de Basto,16
382,2014,Cadaval,24
383,2014,Caldas Da Rainha,16
384,2014,Caldas da Rainha,33
385,2014,Caminha,29
386,2014,Campo Maior,27
387,2014,Cantanhede,32
388,2014,Carrazeda De Ansiães,15
389,2014,Carrazeda de Ansiães,13
390,2014,Carregal Do Sal,1
391,2014,Carregal do Sal,23
392,2014,Cartaxo,33
393,2014,Cascais,63
394,2014,Castanheira De Pêra,4
395,2014,Castanheira de Pêra,6
396,2014,Castelo Branco,63
397,2014,Castelo De Paiva,5
398,2014,Castelo De Vide,1
399,2014,Castelo de Paiva,16
400,2014,Castelo de Vide,2
401,2014,Castro Daire,35
402,2014,Castro Marim,15
403,2014,Castro Verde,10
404,2014,Celorico Da Beira,3
405,2014,Celorico De Basto,23
406,2014,Celorico da Beira,13
407,2014,Celorico de Basto,32
408,2014,Chamusca,15
409,2014,Chaves,58
410,2014,Cinfães,73
411,2014,Coimbra,74
412,2014,Condeixa-a-Nova,13
413,2014,Constância,9
414,2014,Coruche,34
415,2014,Covilhã,53
416,2014,Crato,5
417,2014,Cuba,7
418,2014,Elvas,57
419,2014,Entroncamento,6
420,2014,Espinho,19
421,2014,Esposende,12
422,2014,Estarreja,24
423,2014,Estremoz,25
424,2014,Fafe,49
425,2014,Faro,32
426,2014,Felgueiras,96
427,2014,Ferreira do Alentejo,12
428,2014,Ferreira do Zêzere,6
429,2014,Figueira da Foz,31
430,2014,Figueira de Castelo Rodrigo,54
431,2014,Figueiró dos Vinhos,13
432,2014,Fornos de Algodres,12
433,2014,Freixo De Espada À Cinta,6
434,2014,Freixo de Espada à Cinta,35
435,2014,Fronteira,4
436,2014,Fundão,27
437,2014,Gavião,12
438,2014,Golegã,4
439,2014,Gondomar,164
440,2014,Gouveia,38
441,2014,Grândola,24
442,2014,Guarda,35
443,2014,Guimarães,117
444,2014,Góis,12
445,2014,Idanha-a-Nova,25
446,2014,Idanha-a-nova,11
447,2014,Lagoa,16
448,2014,Lagos,20
449,2014,Lamego,37
450,2014,Leiria,46
451,2014,Lisboa,135
452,2014,Loulé,63
453,2014,Loures,75
454,2014,Lourinhã,37
455,2014,Lousada,80
456,2014,Lousã,10
457,2014,Macedo De Cavaleiros,12
458,2014,Macedo de Cavaleiros,26
459,2014,Mafra,29
460,2014,Maia,50
461,2014,Mangualde,37
462,2014,Manteigas,1
463,2014,Marco De Canaveses,37
464,2014,Marco de Canaveses,59
465,2014,Marinha Grande,17
466,2014,Marvão,10
467,2014,Matosinhos,35
468,2014,Mação,12
469,2014,Mealhada,21
470,2014,Melgaço,4
471,2014,Mesão Frio,5
472,2014,Mesão frio,1
473,2014,Mira,11
474,2014,Miranda Do Corvo,2
475,2014,Miranda do Corvo,11
476,2014,Miranda do Douro,10
477,2014,Mirandela,54
478,2014,Mogadouro,23
479,2014,Moimenta Da Beira,4
480,2014,Moimenta da Beira,17
481,2014,Moita,60
482,2014,Monchique,18
483,2014,Mondim De Basto,4
484,2014,Mondim de Basto,9
485,2014,Monforte,9
486,2014,Montalegre,92
487,2014,Montemor-o-Novo,13
488,2014,Montemor-o-Velho,13
489,2014,Montemor-o-novo,1
490,2014,Montemor-o-velho,1
491,2014,Montijo,78
492,2014,Monção,28
493,2014,Mora,9
494,2014,Mortágua,7
495,2014,Moura,58
496,2014,Mourão,6
497,2014,Murtosa,9
498,2014,Murça,15
499,2014,Mértola,17
500,2014,Mêda,39
501,2014,Nazaré,7
502,2014,Nelas,29
503,2014,Nisa,17
504,2014,ODIVELAS,17
505,2014,Odemira,39
506,2014,Odivelas,47
507,2014,Oeiras,47
508,2014,Oleiros,9
509,2014,Olhão,22
510,2014,Oliveira De Azeméis,17
511,2014,Oliveira De Frades,7
512,2014,Oliveira Do Hospital,31
513,2014,Oliveira de Azeméis,49
514,2014,Oliveira de Frades,11
515,2014,Oliveira do Bairro,14
516,2014,Oliveira do Hospital,39
517,2014,Ourique,19
518,2014,Ourém,45
519,2014,Ovar,26
520,2014,Palmela,73
521,2014,Pampilhosa da Serra,7
522,2014,Paredes,160
523,2014,Paredes De Coura,6
524,2014,Paredes de Coura,10
525,2014,Paços De Ferreira,2
526,2014,Paços de Ferreira,44
527,2014,Pedrógão Grande,21
528,2014,Penacova,15
529,2014,Penafiel,186
530,2014,Penalva do Castelo,4
531,2014,Penamacor,10
532,2014,Penedono,14
533,2014,Penela,9
534,2014,Peniche,46
535,2014,Peso Da Régua,2
536,2014,Peso da Régua,3
537,2014,Pinhel,37
538,2014,Pombal,53
539,2014,Ponte Da Barca,25
540,2014,Ponte De Lima,32
541,2014,Ponte De Sor,2
542,2014,Ponte da Barca,11
543,2014,Ponte de Lima,48
544,2014,Ponte de Sor,11
545,2014,Portalegre,20
546,2014,Portel,8
547,2014,Portimão,16
548,2014,Porto De Mós,4
549,2014,Porto de Mós,16
550,2014,Proença-a-Nova,7
551,2014,Proença-a-nova,1
552,2014,Póvoa De Lanhoso,2
553,2014,Póvoa De Varzim,4
554,2014,Póvoa de Lanhoso,64
555,2014,Póvoa de Varzim,22
556,2014,Redondo,6
557,2014,Reguengos de Monsaraz,16
558,2014,Resende,23
559,2014,Ribeira De Pena,23
560,2014,Ribeira de Pena,16
561,2014,Rio Maior,20
562,2014,Sabrosa,17
563,2014,Sabugal,34
564,2014,Salvaterra De Magos,3
565,2014,Salvaterra de Magos,34
566,2014,Santa Comba Dão,10
567,2014,Santa Maria Da Feira,25
568,2014,Santa Maria da Feira,59
569,2014,Santa Marta De Penaguião,3
570,2014,Santa Marta de Penaguião,6
571,2014,Santarém,103
572,2014,Santiago do Cacém,28
573,2014,Santo Tirso,80
574,2014,Sardoal,5
575,2014,Seia,52
576,2014,Seixal,57
577,2014,Sernancelhe,23
578,2014,Serpa,29
579,2014,Sertã,42
580,2014,Sesimbra,26
581,2014,Setúbal,45
582,2014,Sever do Vouga,12
583,2014,Silves,46
584,2014,Sines,11
585,2014,Sintra,165
586,2014,Sobral De Monte Agraço,4
587,2014,Sobral de Monte Agraço,12
588,2014,Soure,18
589,2014,Sousel,7
590,2014,Sátão,13
591,2014,São Brás de Alportel,5
592,2014,São João Da Pesqueira,2
593,2014,São João da Madeira,35
594,2014,São João da Pesqueira,30
595,2014,São Pedro Do Sul,6
596,2014,São Pedro do Sul,9
597,2014,TROFA,17
598,2014,Tabuaço,15
599,2014,Tarouca,10
600,2014,Tavira,27
601,2014,Terras De Bouro,10
602,2014,Terras de Bouro,13
603,2014,Tomar,79
604,2014,Tondela,39
605,2014,Torre De Moncorvo,21
606,2014,Torre de Moncorvo,39
607,2014,Torres Novas,38
608,2014,Torres Vedras,103
609,2014,Trancoso,46
610,2014,Trofa,19
611,2014,Tábua,11
612,2014,VIZELA,1
613,2014,Vagos,13
614,2014,Vale De Cambra,1
615,2014,Vale de Cambra,26
616,2014,Valença,28
617,2014,Valongo,116
618,2014,Valpaços,85
619,2014,Vendas Novas,7
620,2014,Viana Do Castelo,24
621,2014,Viana do Alentejo,1
622,2014,Viana do Castelo,52
623,2014,Vidigueira,18
624,2014,Vieira Do Minho,8
625,2014,Vieira do Minho,23
626,2014,Vila Do Conde,39
627,2014,Vila FLor,20
628,2014,Vila Flor,11
629,2014,Vila Franca De Xira,12
630,2014,Vila Franca de Xira,45
631,2014,Vila Nova De Cerveira,1
632,2014,Vila Nova De Famalicão,39
633,2014,Vila Nova De Foz Côa,34
634,2014,Vila Nova De Gaia,66
635,2014,Vila Nova da Barquinha,10
636,2014,Vila Nova de Cerveira,3
637,2014,Vila Nova de Famalicão,18
638,2014,Vila Nova de Gaia,47
639,2014,Vila Nova de Paiva,14
640,2014,Vila Nova de Poiares,4
641,2014,Vila Pouca De Aguiar,3
642,2014,Vila Pouca de Aguiar,63
643,2014,Vila Real,31
644,2014,Vila Real de Santo António,9
645,2014,Vila Velha de Ródão,12
646,2014,Vila Verde,73
647,2014,Vila Viçosa,5
648,2014,Vila de Rei,1
649,2014,Vila do Bispo,5
650,2014,Vila do Conde,25
651,2014,Vimioso,22
652,2014,Vinhais,31
653,2014,Viseu,111
654,2014,Vizela,10
655,2014,Vouzela,12
656,2014,Águeda,54
657,2014,Évora,47
658,2014,Ílhavo,11
659,2014,Óbidos,63
660,2015,Abrantes,80
661,2015,Aguiar da Beira,8
662,2015,Alandroal,13
663,2015,Albergaria-a-Velha,63
664,2015,Albergaria-a-velha,1
665,2015,Albufeira,31
666,2015,Alcanena,62
667,2015,Alcobaça,109
668,2015,Alcochete,30
669,2015,Alcoutim,12
670,2015,Alcácer Do Sal,4
671,2015,Alcácer do Sal,32
672,2015,Alenquer,159
673,2015,Alfândega Da Fé,5
674,2015,Alfândega da Fé,16
675,2015,Alijó,64
676,2015,Aljezur,12
677,2015,Aljustrel,18
678,2015,Almada,165
679,2015,Almeida,35
680,2015,Almeirim,34
681,2015,Almodôvar,7
682,2015,Alpiarça,30
683,2015,Alter do Chão,11
684,2015,Alvaiázere,18
685,2015,Alvito,10
686,2015,Amadora,87
687,2015,Amarante,323
688,2015,Amares,52
689,2015,Anadia,37
690,2015,Ansião,33
691,2015,Arcos De Valdevez,35
692,2015,Arcos de Valdevez,267
693,2015,Arganil,48
694,2015,Armamar,20
695,2015,Arouca,98
696,2015,Arraiolos,18
697,2015,Arronches,15
698,2015,Arruda dos Vinhos,67
699,2015,Aveiro,140
700,2015,Avis,14
701,2015,Azambuja,94
702,2015,Baião,136
703,2015,Barcelos,111
704,2015,Barrancos,4
705,2015,Barreiro,67
706,2015,Batalha,18
707,2015,Beja,70
708,2015,Belmonte,23
709,2015,Benavente,80
710,2015,Bombarral,34
711,2015,Borba,10
712,2015,Boticas,98
713,2015,Braga,166
714,2015,Bragança,94
715,2015,Cabeceiras De Basto,10
716,2015,Cabeceiras de Basto,110
717,2015,Cadaval,53
718,2015,Caldas Da Rainha,2
719,2015,Caldas da Rainha,131
720,2015,Caminha,94
721,2015,Campo Maior,34
722,2015,Cantanhede,38
723,2015,Carrazeda De Ansiães,3
724,2015,Carrazeda de Ansiães,34
725,2015,Carregal Do Sal,2
726,2015,Carregal do Sal,15
727,2015,Cartaxo,42
728,2015,Cascais,81
729,2015,Castanheira de Pêra,8
730,2015,Castelo Branco,132
731,2015,Castelo De Vide,2
732,2015,Castelo de Paiva,30
733,2015,Castelo de Vide,6
734,2015,Castro Daire,109
735,2015,Castro Marim,15
736,2015,Castro Verde,6
737,2015,Celorico De Basto,26
738,2015,Celorico da Beira,25
739,2015,Celorico de Basto,190
740,2015,Chamusca,27
741,2015,Chaves,181
742,2015,Cinfães,297
743,2015,Coimbra,111
744,2015,Condeixa-a-Nova,28
745,2015,Constância,20
746,2015,Coruche,67
747,2015,Covilhã,113
748,2015,Crato,8
749,2015,Cuba,9
750,2015,Elvas,82
751,2015,Entroncamento,19
752,2015,Espinho,55
753,2015,Esposende,37
754,2015,Estarreja,62
755,2015,Estremoz,24
756,2015,Fafe,191
757,2015,Faro,44
758,2015,Felgueiras,310
759,2015,Ferreira do Alentejo,16
760,2015,Ferreira do Zêzere,13
761,2015,Figueira Da Foz,1
762,2015,Figueira da Foz,47
763,2015,Figueira de Castelo Rodrigo,53
764,2015,Figueiró dos Vinhos,12
765,2015,Fornos de Algodres,3
766,2015,Freixo De Espada À Cinta,3
767,2015,Freixo de Espada à Cinta,92
768,2015,Fronteira,6
769,2015,Fundão,70
770,2015,Gavião,10
771,2015,Golegã,11
772,2015,Gondomar,348
773,2015,Gouveia,63
774,2015,Grândola,65
775,2015,Guarda,58
776,2015,Guimarães,316
777,2015,Góis,15
778,2015,Idanha-a-Nova,56
779,2015,Idanha-a-nova,5
780,2015,Lagoa,15
781,2015,Lagos,15
782,2015,Lamego,68
783,2015,Leiria,129
784,2015,Lisboa,78
785,2015,Loulé,75
786,2015,Loures,157
787,2015,Lourinhã,86
788,2015,Lousada,239
789,2015,Lousã,17
790,2015,Macedo De Cavaleiros,12
791,2015,Macedo de Cavaleiros,49
792,2015,Mafra,95
793,2015,Maia,215
794,2015,Mangualde,72
795,2015,Manteigas,3
796,2015,Marco De Canaveses,17
797,2015,Marco de Canaveses,231
798,2015,Marinha Grande,24
799,2015,Marvão,18
800,2015,Matosinhos,94
801,2015,Mação,25
802,2015,Mealhada,30
803,2015,Melgaço,17
804,2015,Mesão frio,10
805,2015,Mira,18
806,2015,Miranda Do Douro,2
807,2015,Miranda do Corvo,33
808,2015,Miranda do Douro,21
809,2015,Mirandela,79
810,2015,Mogadouro,34
811,2015,Moimenta Da Beira,4
812,2015,Moimenta da Beira,41
813,2015,Moita,99
814,2015,Monchique,16
815,2015,Mondim de Basto,31
816,2015,Monforte,7
817,2015,Montalegre,321
818,2015,Montemor-o-Novo,25
819,2015,Montemor-o-Velho,32
820,2015,Montemor-o-velho,1
821,2015,Montijo,111
822,2015,Monção,95
823,2015,Mora,12
824,2015,Mortágua,8
825,2015,Moura,65
826,2015,Mourão,10
827,2015,Murtosa,12
828,2015,Murça,40
829,2015,Mértola,20
830,2015,Mêda,46
831,2015,Nazaré,18
832,2015,Nelas,41
833,2015,Nisa,21
834,2015,ODIVELAS,92
835,2015,Odemira,50
836,2015,Odivelas,7
837,2015,Oeiras,44
838,2015,Oleiros,12
839,2015,Olhão,34
840,2015,Oliveira De Azeméis,16
841,2015,Oliveira De Frades,1
842,2015,Oliveira Do Hospital,6
843,2015,Oliveira de Azeméis,97
844,2015,Oliveira de Frades,55
845,2015,Oliveira do Bairro,43
846,2015,Oliveira do Hospital,72
847,2015,Ourique,11
848,2015,Ourém,78
849,2015,Ovar,60
850,2015,Palmela,151
851,2015,Pampilhosa da Serra,11
852,2015,Paredes,401
853,2015,Paredes De Coura,17
854,2015,Paredes de Coura,45
855,2015,Paços De Ferreira,1
856,2015,Paços de Ferreira,219
857,2015,Pedrógão Grande,51
858,2015,Penacova,28
859,2015,Penafiel,444
860,2015,Penalva Do Castelo,1
861,2015,Penalva do Castelo,13
862,2015,Penamacor,32
863,2015,Penedono,15
864,2015,Penela,20
865,2015,Peniche,42
866,2015,Peso da Régua,34
867,2015,Pinhel,30
868,2015,Pombal,104
869,2015,Ponte Da Barca,41
870,2015,Ponte De Lima,27
871,2015,Ponte De Sor,1
872,2015,Ponte da Barca,132
873,2015,Ponte de Lima,240
874,2015,Ponte de Sor,42
875,2015,Portalegre,29
876,2015,Portel,18
877,2015,Portimão,18
878,2015,Porto,1
879,2015,Porto De Mós,3
880,2015,Porto de Mós,57
881,2015,Proença-a-Nova,15
882,2015,Póvoa De Lanhoso,16
883,2015,Póvoa De Varzim,1
884,2015,Póvoa de Lanhoso,199
885,2015,Póvoa de Varzim,64
886,2015,Redondo,14
887,2015,Reguengos de Monsaraz,22
888,2015,Resende,131
889,2015,Ribeira De Pena,3
890,2015,Ribeira de Pena,85
891,2015,Rio Maior,61
892,2015,Sabrosa,24
893,2015,Sabugal,70
894,2015,Salvaterra De Magos,1
895,2015,Salvaterra de Magos,56
896,2015,Santa Comba Dão,14
897,2015,Santa Maria Da Feira,20
898,2015,Santa Maria da Feira,166
899,2015,Santa Marta De Penaguião,6
900,2015,Santa Marta de Penaguião,16
901,2015,Santarém,162
902,2015,Santiago do Cacém,37
903,2015,Santo Tirso,302
904,2015,Sardoal,8
905,2015,Seia,67
906,2015,Seixal,129
907,2015,Sernancelhe,42
908,2015,Serpa,32
909,2015,Sertã,47
910,2015,Sesimbra,29
911,2015,Setúbal,87
912,2015,Sever do Vouga,69
913,2015,Silves,55
914,2015,Sines,17
915,2015,Sintra,266
916,2015,Sobral De Monte Agraço,7
917,2015,Sobral de Monte Agraço,46
918,2015,Soure,31
919,2015,Sousel,10
920,2015,Sátão,19
921,2015,São Brás de Alportel,11
922,2015,São João da Madeira,10
923,2015,São João da Pesqueira,44
924,2015,São Pedro Do Sul,5
925,2015,São Pedro do Sul,31
926,2015,TROFA,54
927,2015,Tabuaço,14
928,2015,Tarouca,38
929,2015,Tavira,34
930,2015,Terras De Bouro,13
931,2015,Terras de Bouro,73
932,2015,Tomar,111
933,2015,Tondela,68
934,2015,Torre De Moncorvo,10
935,2015,Torre de Moncorvo,65
936,2015,Torres Novas,60
937,2015,Torres Vedras,176
938,2015,Trancoso,40
939,2015,Trofa,41
940,2015,Tábua,43
941,2015,VIZELA,35
942,2015,Vagos,30
943,2015,Vale de Cambra,44
944,2015,Valença,57
945,2015,Valongo,131
946,2015,Valpaços,175
947,2015,Vendas Novas,19
948,2015,Viana Do Castelo,29
949,2015,Viana do Alentejo,4
950,2015,Viana do Castelo,192
951,2015,Vidigueira,20
952,2015,Vieira Do Minho,14
953,2015,Vieira do Minho,166
954,2015,Vila Do Conde,3
955,2015,Vila FLor,23
956,2015,Vila Flor,4
957,2015,Vila Franca De Xira,4
958,2015,Vila Franca de Xira,77
959,2015,Vila Nova De Cerveira,2
960,2015,Vila Nova De Famalicão,20
961,2015,Vila Nova De Foz Côa,8
962,2015,Vila Nova De Gaia,24
963,2015,Vila Nova da Barquinha,12
964,2015,Vila Nova de Cerveira,31
965,2015,Vila Nova de Famalicão,100
966,2015,Vila Nova de Foz Côa,47
967,2015,Vila Nova de Gaia,262
968,2015,Vila Nova de Paiva,54
969,2015,Vila Nova de Poiares,14
970,2015,Vila Pouca De Aguiar,8
971,2015,Vila Pouca de Aguiar,106
972,2015,Vila Real,114
973,2015,Vila Real de Santo António,6
974,2015,Vila Velha De Ródão,1
975,2015,Vila Velha de Ródão,32
976,2015,Vila Verde,195
977,2015,Vila Viçosa,5
978,2015,Vila de Rei,6
979,2015,Vila do Bispo,12
980,2015,Vila do Conde,133
981,2015,Vimioso,32
982,2015,Vinhais,108
983,2015,Viseu,175
984,2015,Vizela,9
985,2015,Vouzela,21
986,2015,Águeda,87
987,2015,Évora,56
988,2015,Ílhavo,52
989,2015,Óbidos,63
990,2016,Abrantes,72
991,2016,Aguiar da Beira,17
992,2016,Alandroal,9
993,2016,Albergaria-a-Velha,5
994,2016,Albergaria-a-velha,59
995,2016,Albufeira,20
996,2016,Alcanena,39
997,2016,Alcobaça,57
998,2016,Alcochete,18
999,2016,Alcoutim,2
1000,2016,Alcácer Do Sal,5
1001,2016,Alcácer do Sal,24
1002,2016,Alenquer,143
1003,2016,Alfândega Da Fé,2
1004,2016,Alfândega da Fé,10
1005,2016,Alijó,22
1006,2016,Aljezur,12
1007,2016,Aljustrel,12
1008,2016,Almada,109
1009,2016,Almeida,28
1010,2016,Almeirim,17
1011,2016,Almodôvar,11
1012,2016,Alpiarça,31
1013,2016,Alter Do Chão,1
1014,2016,Alter do Chão,13
1015,2016,Alvaiázere,20
1016,2016,Alvito,8
1017,2016,Amadora,55
1018,2016,Amarante,273
1019,2016,Amares,50
1020,2016,Anadia,35
1021,2016,Ansião,18
1022,2016,Arcos De Valdevez,2
1023,2016,Arcos de Valdevez,223
1024,2016,Arganil,23
1025,2016,Armamar,13
1026,2016,Arouca,58
1027,2016,Arraiolos,14
1028,2016,Arronches,3
1029,2016,Arruda Dos Vinhos,50
1030,2016,Aveiro,94
1031,2016,Avis,10
1032,2016,Azambuja,81
1033,2016,Baião,140
1034,2016,Barcelos,122
1035,2016,Barrancos,1
1036,2016,Barreiro,50
1037,2016,Batalha,7
1038,2016,Beja,57
1039,2016,Belmonte,5
1040,2016,Benavente,66
1041,2016,Bombarral,28
1042,2016,Borba,8
1043,2016,Boticas,93
1044,2016,Braga,135
1045,2016,Bragança,68
1046,2016,Cabeceiras De Basto,1
1047,2016,Cabeceiras de Basto,115
1048,2016,Cadaval,25
1049,2016,Caldas Da Rainha,3
1050,2016,Caldas da Rainha,51
1051,2016,Caminha,48
1052,2016,Campo Maior,36
1053,2016,Cantanhede,37
1054,2016,Carrazeda De Ansiães,1
1055,2016,Carrazeda de Ansiães,27
1056,2016,Carregal Do Sal,1
1057,2016,Carregal do Sal,28
1058,2016,Cartaxo,44
1059,2016,Cascais,65
1060,2016,Castanheira de Pêra,15
1061,2016,Castelo Branco,96
1062,2016,Castelo De Paiva,1
1063,2016,Castelo de Paiva,32
1064,2016,Castelo de Vide,4
1065,2016,Castro Daire,123
1066,2016,Castro Marim,10
1067,2016,Castro Verde,6
1068,2016,Celorico da Beira,26
1069,2016,Celorico de Basto,172
1070,2016,Chamusca,15
1071,2016,Chaves,106
1072,2016,Cinfães,247
1073,2016,Coimbra,72
1074,2016,Condeixa-a-nova,16
1075,2016,Constância,19
1076,2016,Coruche,51
1077,2016,Covilhã,64
1078,2016,Crato,8
1079,2016,Cuba,10
1080,2016,Elvas,63
1081,2016,Entroncamento,12
1082,2016,Espinho,26
1083,2016,Esposende,21
1084,2016,Estarreja,37
1085,2016,Estremoz,35
1086,2016,Fafe,187
1087,2016,Faro,16
1088,2016,Felgueiras,365
1089,2016,Ferreira do Alentejo,8
1090,2016,Ferreira do Zêzere,10
1091,2016,Figueira Da Foz,2
1092,2016,Figueira da Foz,31
1093,2016,Figueira de Castelo Rodrigo,33
1094,2016,Figueiró Dos Vinhos,22
1095,2016,Figueiró dos Vinhos,1
1096,2016,Fornos de Algodres,21
1097,2016,Freixo De Espada À Cinta,8
1098,2016,Freixo de Espada À Cinta,54
1099,2016,Freixo de Espada à Cinta,2
1100,2016,Fronteira,5
1101,2016,Fundão,42
1102,2016,Gavião,10
1103,2016,Golegã,2
1104,2016,Gondomar,253
1105,2016,Gouveia,31
1106,2016,Grândola,44
1107,2016,Guarda,50
1108,2016,Guimarães,240
1109,2016,Góis,23
1110,2016,Idanha-a-Nova,1
1111,2016,Idanha-a-nova,32
1112,2016,Lagoa,21
1113,2016,Lagos,13
1114,2016,Lamego,89
1115,2016,Leiria,86
1116,2016,Lisboa,27
1117,2016,Loulé,40
1118,2016,Loures,48
1119,2016,Lourinhã,40
1120,2016,Lousada,327
1121,2016,Lousã,18
1122,2016,Macedo De Cavaleiros,2
1123,2016,Macedo de Cavaleiros,17
1124,2016,Mafra,68
1125,2016,Maia,146
1126,2016,Mangualde,31
1127,2016,Manteigas,4
1128,2016,Marco De Canaveses,1
1129,2016,Marco de Canaveses,264
1130,2016,Marinha Grande,30
1131,2016,Marvão,9
1132,2016,Matosinhos,60
1133,2016,Mação,17
1134,2016,Mealhada,26
1135,2016,Melgaço,27
1136,2016,Mesão Frio,21
1137,2016,Mira,26
1138,2016,Miranda Do Corvo,1
1139,2016,Miranda Do Douro,1
1140,2016,Miranda do Corvo,25
1141,2016,Miranda do Douro,19
1142,2016,Mirandela,53
1143,2016,Mogadouro,33
1144,2016,Moimenta Da Beira,2
1145,2016,Moimenta da Beira,28
1146,2016,Moita,88
1147,2016,Monchique,12
1148,2016,Mondim De Basto,7
1149,2016,Mondim de Basto,19
1150,2016,Monforte,7
1151,2016,Montalegre,292
1152,2016,Montemor-o-Novo,13
1153,2016,Montemor-o-Velho,1
1154,2016,Montemor-o-novo,9
1155,2016,Montemor-o-velho,33
1156,2016,Montijo,67
1157,2016,Monção,87
1158,2016,Mora,9
1159,2016,Mortágua,5
1160,2016,Moura,25
1161,2016,Mourão,3
1162,2016,Murtosa,6
1163,2016,Murça,31
1164,2016,Mértola,11
1165,2016,Mêda,30
1166,2016,Nazaré,20
1167,2016,Nelas,27
1168,2016,Nisa,13
1169,2016,Odemira,39
1170,2016,Odivelas,8
1171,2016,Oeiras,22
1172,2016,Oleiros,8
1173,2016,Olhão,23
1174,2016,Oliveira De Azeméis,3
1175,2016,Oliveira De Frades,2
1176,2016,Oliveira Do Bairro,1
1177,2016,Oliveira Do Hospital,9
1178,2016,Oliveira de Azeméis,60
1179,2016,Oliveira de Frades,34
1180,2016,Oliveira do Bairro,48
1181,2016,Oliveira do Hospital,38
1182,2016,Ourique,8
1183,2016,Ourém,76
1184,2016,Ovar,63
1185,2016,Palmela,148
1186,2016,Pampilhosa da Serra,5
1187,2016,Paredes,637
1188,2016,Paredes De Coura,2
1189,2016,Paredes de Coura,94
1190,2016,Paços De Ferreira,5
1191,2016,Paços de Ferreira,234
1192,2016,Pedrógão Grande,25
1193,2016,Penacova,16
1194,2016,Penafiel,543
1195,2016,Penalva Do Castelo,2
1196,2016,Penalva do Castelo,8
1197,2016,Penamacor,12
1198,2016,Penedono,9
1199,2016,Penela,21
1200,2016,Peniche,34
1201,2016,Peso Da Régua,1
1202,2016,Peso da Régua,20
1203,2016,Pinhel,31
1204,2016,Pombal,72
1205,2016,Ponte De Lima,6
1206,2016,Ponte De Sor,4
1207,2016,Ponte da Barca,139
1208,2016,Ponte de Lima,237
1209,2016,Ponte de Sor,22
1210,2016,Portalegre,19
1211,2016,Portel,9
1212,2016,Portimão,22
1213,2016,Porto de Mós,25
1214,2016,Proença-a-nova,20
1215,2016,Póvoa De Lanhoso,4
1216,2016,Póvoa De Varzim,1
1217,2016,Póvoa de Lanhoso,191
1218,2016,Póvoa de Varzim,38
1219,2016,Redondo,15
1220,2016,Reguengos De Monsaraz,2
1221,2016,Reguengos de Monsaraz,22
1222,2016,Resende,95
1223,2016,Ribeira De Pena,2
1224,2016,Ribeira de Pena,38
1225,2016,Rio Maior,39
1226,2016,Sabrosa,14
1227,2016,Sabugal,35
1228,2016,Salvaterra de Magos,33
1229,2016,Santa Comba Dão,20
1230,2016,Santa Maria Da Feira,9
1231,2016,Santa Maria da Feira,109
1232,2016,Santa Marta de Penaguião,24
1233,2016,Santarém,111
1234,2016,Santiago do Cacém,54
1235,2016,Santo Tirso,267
1236,2016,Sardoal,10
1237,2016,Seia,54
1238,2016,Seixal,99
1239,2016,Sernancelhe,23
1240,2016,Serpa,23
1241,2016,Sertã,57
1242,2016,Sesimbra,22
1243,2016,Setúbal,56
1244,2016,Sever Do Vouga,5
1245,2016,Sever do Vouga,47
1246,2016,Silves,43
1247,2016,Sines,20
1248,2016,Sintra,215
1249,2016,Sobral De Monte Agraço,5
1250,2016,Sobral de Monte Agraço,47
1251,2016,Soure,30
1252,2016,Sousel,10
1253,2016,Sátão,15
1254,2016,São Brás de Alportel,8
1255,2016,São João Da Pesqueira,1
1256,2016,São João da Madeira,2
1257,2016,São João da Pesqueira,28
1258,2016,São Pedro Do Sul,2
1259,2016,São Pedro do Sul,16
1260,2016,Tabuaço,5
1261,2016,Tarouca,32
1262,2016,Tavira,19
1263,2016,Terras de Bouro,59
1264,2016,Tomar,88
1265,2016,Tondela,46
1266,2016,Torre De Moncorvo,1
1267,2016,Torre de Moncorvo,52
1268,2016,Torres Novas,30
1269,2016,Torres Vedras,155
1270,2016,Trancoso,35
1271,2016,Trofa,118
1272,2016,Tábua,16
1273,2016,VIZELA,11
1274,2016,Vagos,30
1275,2016,Vale De Cambra,1
1276,2016,Vale de Cambra,30
1277,2016,Valença,77
1278,2016,Valongo,200
1279,2016,Valpaços,107
1280,2016,Vendas Novas,10
1281,2016,Viana Do Castelo,16
1282,2016,Viana do Alentejo,7
1283,2016,Viana do Castelo,133
1284,2016,Vidigueira,23
1285,2016,Vieira do Minho,92
1286,2016,Vila Do Conde,16
1287,2016,Vila FLor,4
1288,2016,Vila Flor,17
1289,2016,Vila Franca De Xira,2
1290,2016,Vila Franca de Xira,24
1291,2016,Vila Nova De Cerveira,3
1292,2016,Vila Nova De Famalicão,1
1293,2016,Vila Nova De Foz Côa,1
1294,2016,Vila Nova De Gaia,1
1295,2016,Vila Nova De Paiva,2
1296,2016,Vila Nova De Poiares,1
1297,2016,Vila Nova da Barquinha,8
1298,2016,Vila Nova de Cerveira,15
1299,2016,Vila Nova de Famalicão,167
1300,2016,Vila Nova de Foz Côa,43
1301,2016,Vila Nova de Gaia,277
1302,2016,Vila Nova de Paiva,29
1303,2016,Vila Nova de Poiares,12
1304,2016,Vila Pouca De Aguiar,6
1305,2016,Vila Pouca de Aguiar,82
1306,2016,Vila Real,87
1307,2016,Vila Real de Santo António,9
1308,2016,Vila Velha De Ródão,8
1309,2016,Vila Velha de Ródão,43
1310,2016,Vila Verde,182
1311,2016,Vila Viçosa,6
1312,2016,Vila de Rei,2
1313,2016,Vila do Bispo,4
1314,2016,Vila do Conde,119
1315,2016,Vimioso,18
1316,2016,Vinhais,60
1317,2016,Viseu,160
1318,2016,Vizela,9
1319,2016,Vouzela,11
1320,2016,Águeda,83
1321,2016,Évora,31
1322,2016,Ílhavo,28
1323,2016,Óbidos,70
1324,2017,Abrantes,100
1325,2017,Aguiar da Beira,12
1326,2017,Alandroal,10
1327,2017,Albergaria-a-Velha,2
1328,2017,Albergaria-a-velha,86
1329,2017,Albufeira,26
1330,2017,Alcanena,49
1331,2017,Alcobaça,119
1332,2017,Alcochete,19
1333,2017,Alcoutim,3
1334,2017,Alcácer do Sal,39
1335,2017,Alenquer,207
1336,2017,Alfândega da Fé,37
1337,2017,Alijó,48
1338,2017,Aljezur,19
1339,2017,Aljustrel,27
1340,2017,Almada,93
1341,2017,Almeida,23
1342,2017,Almeirim,32
1343,2017,Almodôvar,15
1344,2017,Alpiarça,14
1345,2017,Alter do Chão,11
1346,2017,Alvaiázere,27
1347,2017,Alvito,3
1348,2017,Amadora,33
1349,2017,Amarante,452
1350,2017,Amares,65
1351,2017,Anadia,47
1352,2017,Ansião,23
1353,2017,Arcos de Valdevez,282
1354,2017,Arganil,30
1355,2017,Armamar,42
1356,2017,Arouca,120
1357,2017,Arraiolos,19
1358,2017,Arronches,14
1359,2017,Arruda Dos Vinhos,32
1360,2017,Aveiro,183
1361,2017,Avis,12
1362,2017,Azambuja,73
1363,2017,Baião,164
1364,2017,Barcelos,150
1365,2017,Barrancos,2
1366,2017,Barreiro,42
1367,2017,Batalha,19
1368,2017,Beja,64
1369,2017,Belmonte,19
1370,2017,Benavente,49
1371,2017,Bombarral,35
1372,2017,Borba,15
1373,2017,Boticas,94
1374,2017,Braga,118
1375,2017,Bragança,151
1376,2017,Cabeceiras de Basto,153
1377,2017,Cadaval,50
1378,2017,Caldas da Rainha,80
1379,2017,Caminha,62
1380,2017,Campo Maior,51
1381,2017,Cantanhede,71
1382,2017,Carrazeda de Ansiães,50
1383,2017,Carregal do Sal,26
1384,2017,Cartaxo,31
1385,2017,Cascais,70
1386,2017,Castanheira de Pêra,14
1387,2017,Castelo Branco,172
1388,2017,Castelo de Paiva,96
1389,2017,Castelo de Vide,8
1390,2017,Castro Daire,227
1391,2017,Castro Marim,11
1392,2017,Castro Verde,15
1393,2017,Celorico da Beira,48
1394,2017,Celorico de Basto,163
1395,2017,Chamusca,29
1396,2017,Chaves,132
1397,2017,Cinfães,202
1398,2017,Coimbra,123
1399,2017,Condeixa-a-Nova,1
1400,2017,Condeixa-a-nova,34
1401,2017,Constância,10
1402,2017,Coruche,55
1403,2017,Covilhã,115
1404,2017,Crato,9
1405,2017,Cuba,12
1406,2017,Elvas,76
1407,2017,Entroncamento,10
1408,2017,Espinho,33
1409,2017,Esposende,31
1410,2017,Estarreja,95
1411,2017,Estremoz,25
1412,2017,Fafe,206
1413,2017,Faro,42
1414,2017,Felgueiras,390
1415,2017,Ferreira do Alentejo,24
1416,2017,Ferreira do Zêzere,38
1417,2017,Figueira da Foz,81
1418,2017,Figueira de Castelo Rodrigo,46
1419,2017,Figueiró Dos Vinhos,13
1420,2017,Figueiró dos Vinhos,1
1421,2017,Fornos de Algodres,10
1422,2017,Freixo de Espada À Cinta,47
1423,2017,Fronteira,15
1424,2017,Fundão,73
1425,2017,Gavião,17
1426,2017,Golegã,8
1427,2017,Gondomar,383
1428,2017,Gouveia,56
1429,2017,Grândola,32
1430,2017,Guarda,69
1431,2017,Guimarães,276
1432,2017,Góis,19
1433,2017,Idanha-a-nova,54
1434,2017,Lagoa,16
1435,2017,Lagos,20
1436,2017,Lamego,110
1437,2017,Leiria,123
1438,2017,Lisboa,30
1439,2017,Loulé,53
1440,2017,Loures,59
1441,2017,Lourinhã,66
1442,2017,Lousada,279
1443,2017,Lousã,28
1444,2017,Macedo de Cavaleiros,63
1445,2017,Mafra,93
1446,2017,Maia,177
1447,2017,Mangualde,99
1448,2017,Manteigas,3
1449,2017,Marco de Canaveses,231
1450,2017,Marinha Grande,42
1451,2017,Marvão,11
1452,2017,Matosinhos,73
1453,2017,Mação,32
1454,2017,Mealhada,46
1455,2017,Melgaço,29
1456,2017,Mesão Frio,40
1457,2017,Mira,41
1458,2017,Miranda do Corvo,33
1459,2017,Miranda do Douro,33
1460,2017,Mirandela,94
1461,2017,Mogadouro,63
1462,2017,Moimenta da Beira,55
1463,2017,Moita,73
1464,2017,Monchique,17
1465,2017,Mondim de Basto,87
1466,2017,Monforte,10
1467,2017,Montalegre,314
1468,2017,Montemor-o-Velho,2
1469,2017,Montemor-o-novo,24
1470,2017,Montemor-o-velho,52
1471,2017,Montijo,67
1472,2017,Monção,88
1473,2017,Mora,17
1474,2017,Mortágua,13
1475,2017,Moura,39
1476,2017,Mourão,7
1477,2017,Murtosa,40
1478,2017,Murça,50
1479,2017,Mértola,19
1480,2017,Mêda,63
1481,2017,Nazaré,11
1482,2017,Nelas,44
1483,2017,Nisa,25
1484,2017,Odemira,56
1485,2017,Odivelas,14
1486,2017,Oeiras,43
1487,2017,Oleiros,22
1488,2017,Olhão,30
1489,2017,Oliveira de Azeméis,143
1490,2017,Oliveira de Frades,56
1491,2017,Oliveira do Bairro,104
1492,2017,Oliveira do Hospital,59
1493,2017,Ourique,10
1494,2017,Ourém,96
1495,2017,Ovar,42
1496,2017,Palmela,109
1497,2017,Pampilhosa da Serra,12
1498,2017,Paredes,438
1499,2017,Paredes de Coura,81
1500,2017,Paços de Ferreira,268
1501,2017,Pedrógão Grande,29
1502,2017,Penacova,36
1503,2017,Penafiel,585
1504,2017,Penalva do Castelo,24
1505,2017,Penamacor,23
1506,2017,Penedono,49
1507,2017,Penela,14
1508,2017,Peniche,73
1509,2017,Peso da Régua,25
1510,2017,Pinhel,51
1511,2017,Pombal,128
1512,2017,Ponte da Barca,155
1513,2017,Ponte de Lima,209
1514,2017,Ponte de Sor,45
1515,2017,Portalegre,32
1516,2017,Portel,15
1517,2017,Portimão,27
1518,2017,Porto de Mós,41
1519,2017,Proença-a-nova,23
1520,2017,Póvoa de Lanhoso,190
1521,2017,Póvoa de Varzim,89
1522,2017,Redondo,12
1523,2017,Reguengos de Monsaraz,33
1524,2017,Resende,115
1525,2017,Ribeira de Pena,86
1526,2017,Rio Maior,33
1527,2017,Sabrosa,46
1528,2017,Sabugal,67
1529,2017,Salvaterra de Magos,84
1530,2017,Santa Comba Dão,30
1531,2017,Santa Maria da Feira,280
1532,2017,Santa Marta de Penaguião,39
1533,2017,Santarém,98
1534,2017,Santiago do Cacém,26
1535,2017,Santo Tirso,290
1536,2017,Sardoal,24
1537,2017,Seia,68
1538,2017,Seixal,101
1539,2017,Sernancelhe,72
1540,2017,Serpa,29
1541,2017,Sertã,73
1542,2017,Sesimbra,20
1543,2017,Setúbal,79
1544,2017,Sever do Vouga,56
1545,2017,Silves,56
1546,2017,Sines,19
1547,2017,Sintra,249
1548,2017,Sobral de Monte Agraço,40
1549,2017,Soure,33
1550,2017,Sousel,8
1551,2017,Sátão,22
1552,2017,São Brás de Alportel,16
1553,2017,São João da Madeira,12
1554,2017,São João da Pesqueira,42
1555,2017,São Pedro do Sul,54
1556,2017,Tabuaço,24
1557,2017,Tarouca,59
1558,2017,Tavira,38
1559,2017,Terras de Bouro,81
1560,2017,Tomar,162
1561,2017,Tondela,131
1562,2017,Torre de Moncorvo,100
1563,2017,Torres Novas,60
1564,2017,Torres Vedras,174
1565,2017,Trancoso,65
1566,2017,Trofa,191
1567,2017,Tábua,64
1568,2017,VIZELA,1
1569,2017,Vagos,66
1570,2017,Vale de Cambra,55
1571,2017,Valença,42
1572,2017,Valongo,158
1573,2017,Valpaços,217
1574,2017,Vendas Novas,23
1575,2017,Viana do Alentejo,17
1576,2017,Viana do Castelo,183
1577,2017,Vidigueira,41
1578,2017,Vieira do Minho,165
1579,2017,Vila FLor,1
1580,2017,Vila Flor,42
1581,2017,Vila Franca de Xira,40
1582,2017,Vila Nova da Barquinha,19
1583,2017,Vila Nova de Cerveira,32
1584,2017,Vila Nova de Famalicão,189
1585,2017,Vila Nova de Foz Côa,58
1586,2017,Vila Nova de Gaia,359
1587,2017,Vila Nova de Paiva,107
1588,2017,Vila Nova de Poiares,8
1589,2017,Vila Pouca de Aguiar,117
1590,2017,Vila Real,128
1591,2017,Vila Real de Santo António,15
1592,2017,Vila Velha de Ródão,49
1593,2017,Vila Verde,192
1594,2017,Vila Viçosa,6
1595,2017,Vila de Rei,13
1596,2017,Vila do Bispo,5
1597,2017,Vila do Conde,202
1598,2017,Vimioso,50
1599,2017,Vinhais,123
1600,2017,Viseu,211
1601,2017,Vizela,39
1602,2017,Vouzela,43
1603,2017,Águeda,121
1604,2017,Évora,62
1605,2017,Ílhavo,34
1606,2017,Óbidos,102
1607,2018,Abrantes,65
1608,2018,Aguiar da Beira,11
1609,2018,Alandroal,3
1610,2018,Albergaria-a-Velha,1
1611,2018,Albergaria-a-velha,90
1612,2018,Albufeira,20
1613,2018,Alcanena,24
1614,2018,Alcobaça,22
1615,2018,Alcochete,20
1616,2018,Alcoutim,4
1617,2018,Alcácer do Sal,20
1618,2018,Alenquer,107
1619,2018,Alfândega da Fé,45
1620,2018,Alijó,36
1621,2018,Aljezur,23
1622,2018,Aljustrel,11
1623,2018,Almada,61
1624,2018,Almeida,16
1625,2018,Almeirim,30
1626,2018,Almodôvar,16
1627,2018,Alpiarça,14
1628,2018,Alter do Chão,7
1629,2018,Alvaiázere,11
1630,2018,Alvito,6
1631,2018,Amadora,57
1632,2018,Amarante,181
1633,2018,Amares,41
1634,2018,Anadia,35
1635,2018,Ansião,22
1636,2018,Arcos de Valdevez,149
1637,2018,Arganil,4
1638,2018,Armamar,28
1639,2018,Arouca,88
1640,2018,Arraiolos,11
1641,2018,Arronches,5
1642,2018,Arruda Dos Vinhos,35
1643,2018,Aveiro,47
1644,2018,Avis,8
1645,2018,Azambuja,54
1646,2018,Baião,116
1647,2018,Barcelos,130
1648,2018,Barrancos,2
1649,2018,Barreiro,10
1650,2018,Batalha,17
1651,2018,Beja,37
1652,2018,Belmonte,19
1653,2018,Benavente,54
1654,2018,Bombarral,6
1655,2018,Borba,9
1656,2018,Boticas,40
1657,2018,Braga,88
1658,2018,Bragança,79
1659,2018,Cabeceiras de Basto,86
1660,2018,Cadaval,22
1661,2018,Caldas da Rainha,37
1662,2018,Caminha,49
1663,2018,Campo Maior,39
1664,2018,Cantanhede,38
1665,2018,Carrazeda de Ansiães,52
1666,2018,Carregal do Sal,6
1667,2018,Cartaxo,22
1668,2018,Cascais,58
1669,2018,Castanheira de Pêra,5
1670,2018,Castelo Branco,111
1671,2018,Castelo de Paiva,50
1672,2018,Castelo de Vide,11
1673,2018,Castro Daire,75
1674,2018,Castro Marim,19
1675,2018,Castro Verde,9
1676,2018,Celorico da Beira,9
1677,2018,Celorico de Basto,129
1678,2018,Chamusca,20
1679,2018,Chaves,67
1680,2018,Cinfães,120
1681,2018,Coimbra,46
1682,2018,Condeixa-a-nova,17
1683,2018,Constância,7
1684,2018,Coruche,51
1685,2018,Covilhã,62
1686,2018,Crato,11
1687,2018,Cuba,12
1688,2018,Elvas,47
1689,2018,Entroncamento,1
1690,2018,Espinho,26
1691,2018,Esposende,21
1692,2018,Estarreja,30
1693,2018,Estremoz,24
1694,2018,Fafe,108
1695,2018,Faro,26
1696,2018,Felgueiras,129
1697,2018,Ferreira do Alentejo,13
1698,2018,Ferreira do Zêzere,14
1699,2018,Figueira da Foz,28
1700,2018,Figueira de Castelo Rodrigo,15
1701,2018,Figueiró Dos Vinhos,10
1702,2018,Figueiró dos Vinhos,1
1703,2018,Fornos de Algodres,9
1704,2018,Freixo de Espada À Cinta,34
1705,2018,Fundão,73
1706,2018,Gavião,9
1707,2018,Golegã,2
1708,2018,Gondomar,203
1709,2018,Gouveia,10
1710,2018,Grândola,20
1711,2018,Guarda,28
1712,2018,Guimarães,183
1713,2018,Góis,2
1714,2018,Idanha-a-Nova,1
1715,2018,Idanha-a-nova,46
1716,2018,Lagoa,13
1717,2018,Lagos,20
1718,2018,Lamego,50
1719,2018,Leiria,61
1720,2018,Lisboa,15
1721,2018,Loulé,60
1722,2018,Loures,64
1723,2018,Lourinhã,37
1724,2018,Lousada,134
1725,2018,Lousã,11
1726,2018,Macedo de Cavaleiros,31
1727,2018,Mafra,74
1728,2018,Maia,109
1729,2018,Mangualde,28
1730,2018,Manteigas,2
1731,2018,Marco de Canaveses,146
1732,2018,Marinha Grande,12
1733,2018,Marvão,8
1734,2018,Matosinhos,68
1735,2018,Mação,9
1736,2018,Mealhada,28
1737,2018,Melgaço,26
1738,2018,Mesão Frio,13
1739,2018,Mira,12
1740,2018,Miranda do Corvo,20
1741,2018,Miranda do Douro,42
1742,2018,Mirandela,41
1743,2018,Mogadouro,37
1744,2018,Moimenta da Beira,37
1745,2018,Moita,35
1746,2018,Monchique,24
1747,2018,Mondim de Basto,20
1748,2018,Monforte,6
1749,2018,Montalegre,119
1750,2018,Montemor-o-Novo,1
1751,2018,Montemor-o-novo,11
1752,2018,Montemor-o-velho,14
1753,2018,Montijo,36
1754,2018,Monção,47
1755,2018,Mora,6
1756,2018,Mortágua,15
1757,2018,Moura,31
1758,2018,Mourão,9
1759,2018,Murtosa,18
1760,2018,Murça,27
1761,2018,Mértola,14
1762,2018,Mêda,23
1763,2018,Nazaré,4
1764,2018,Nelas,27
1765,2018,Nisa,18
1766,2018,Odemira,27
1767,2018,Odivelas,35
1768,2018,Oeiras,36
1769,2018,Oleiros,18
1770,2018,Olhão,19
1771,2018,Oliveira de Azeméis,158
1772,2018,Oliveira de Frades,12
1773,2018,Oliveira do Bairro,34
1774,2018,Oliveira do Hospital,4
1775,2018,Ourique,15
1776,2018,Ourém,82
1777,2018,Ovar,24
1778,2018,Palmela,69
1779,2018,Pampilhosa da Serra,9
1780,2018,Paredes,345
1781,2018,Paredes de Coura,52
1782,2018,Paços de Ferreira,126
1783,2018,Pedrógão Grande,12
1784,2018,Penacova,15
1785,2018,Penafiel,228
1786,2018,Penalva do Castelo,17
1787,2018,Penamacor,19
1788,2018,Penedono,46
1789,2018,Penela,10
1790,2018,Peniche,22
1791,2018,Peso da Régua,11
1792,2018,Pinhel,11
1793,2018,Pombal,58
1794,2018,Ponte da Barca,124
1795,2018,Ponte de Lima,204
1796,2018,Ponte de Sor,25
1797,2018,Portalegre,29
1798,2018,Portel,13
1799,2018,Portimão,13
1800,2018,Porto de Mós,21
1801,2018,Proença-a-nova,25
1802,2018,Póvoa de Lanhoso,106
1803,2018,Póvoa de Varzim,47
1804,2018,Redondo,7
1805,2018,Reguengos de Monsaraz,14
1806,2018,Resende,41
1807,2018,Ribeira de Pena,54
1808,2018,Rio Maior,16
1809,2018,Sabrosa,24
1810,2018,Sabugal,42
1811,2018,Salvaterra de Magos,23
1812,2018,Santa Comba Dão,5
1813,2018,Santa Maria da Feira,227
1814,2018,Santa Marta de Penaguião,21
1815,2018,Santarém,48
1816,2018,Santiago do Cacém,21
1817,2018,Santo Tirso,171
1818,2018,Sardoal,19
1819,2018,Seia,20
1820,2018,Seixal,62
1821,2018,Sernancelhe,84
1822,2018,Serpa,19
1823,2018,Sertã,28
1824,2018,Sesimbra,16
1825,2018,Setúbal,18
1826,2018,Sever do Vouga,44
1827,2018,Silves,56
1828,2018,Sines,12
1829,2018,Sintra,204
1830,2018,Sobral de Monte Agraço,26
1831,2018,Soure,18
1832,2018,Sousel,4
1833,2018,Sátão,25
1834,2018,São Brás de Alportel,12
1835,2018,São João da Madeira,22
1836,2018,São João da Pesqueira,33
1837,2018,São Pedro do Sul,32
1838,2018,Tabuaço,35
1839,2018,Tarouca,44
1840,2018,Tavira,33
1841,2018,Terras de Bouro,44
1842,2018,Tomar,95
1843,2018,Tondela,51
1844,2018,Torre de Moncorvo,55
1845,2018,Torres Novas,40
1846,2018,Torres Vedras,121
1847,2018,Trancoso,23
1848,2018,Trofa,44
1849,2018,Tábua,15
1850,2018,VIZELA,1
1851,2018,Vagos,24
1852,2018,Vale de Cambra,91
1853,2018,Valença,75
1854,2018,Valongo,79
1855,2018,Valpaços,126
1856,2018,Vendas Novas,6
1857,2018,Viana do Alentejo,6
1858,2018,Viana do Castelo,139
1859,2018,Vidigueira,23
1860,2018,Vieira do Minho,78
1861,2018,Vila FLor,1
1862,2018,Vila Flor,41
1863,2018,Vila Franca de Xira,50
1864,2018,Vila Nova da Barquinha,4
1865,2018,Vila Nova de Cerveira,28
1866,2018,Vila Nova de Famalicão,91
1867,2018,Vila Nova de Foz Côa,29
1868,2018,Vila Nova de Gaia,197
1869,2018,Vila Nova de Paiva,25
1870,2018,Vila Nova de Poiares,3
1871,2018,Vila Pouca de Aguiar,65
1872,2018,Vila Real,117
1873,2018,Vila Real de Santo António,5
1874,2018,Vila Velha de Ródão,16
1875,2018,Vila Verde,163
1876,2018,Vila Viçosa,2
1877,2018,Vila de Rei,6
1878,2018,Vila do Bispo,7
1879,2018,Vila do Conde,104
1880,2018,Vimioso,31
1881,2018,Vinhais,55
1882,2018,Viseu,110
1883,2018,Vizela,24
1884,2018,Vouzela,9
1885,2018,Águeda,59
1886,2018,Évora,37
1887,2018,Ílhavo,26
1888,2018,Óbidos,30
1889,2019,Abrantes,75
1890,2019,Aguiar da Beira,10
1891,2019,Alandroal,15
1892,2019,Albergaria-a-Velha,3
1893,2019,Albergaria-a-velha,52
1894,2019,Albufeira,39
1895,2019,Alcanena,25
1896,2019,Alcobaça,24
1897,2019,Alcochete,13
1898,2019,Alcoutim,6
1899,2019,Alcácer do Sal,30
1900,2019,Alenquer,109
1901,2019,Alfândega da Fé,54
1902,2019,Alijó,21
1903,2019,Aljezur,15
1904,2019,Aljustrel,25
1905,2019,Almada,27
1906,2019,Almeida,10
1907,2019,Almeirim,31
1908,2019,Almodôvar,21
1909,2019,Alpiarça,10
1910,2019,Alter do Chão,8
1911,2019,Alvaiázere,13
1912,2019,Alvito,6
1913,2019,Amadora,35
1914,2019,Amarante,113
1915,2019,Amares,20
1916,2019,Anadia,23
1917,2019,Ansião,18
1918,2019,Arcos de Valdevez,111
1919,2019,Arganil,13
1920,2019,Armamar,9
1921,2019,Arouca,55
1922,2019,Arraiolos,13
1923,2019,Arronches,13
1924,2019,Arruda Dos Vinhos,31
1925,2019,Aveiro,83
1926,2019,Avis,12
1927,2019,Azambuja,86
1928,2019,Baião,78
1929,2019,Barcelos,53
1930,2019,Barrancos,2
1931,2019,Barreiro,8
1932,2019,Batalha,17
1933,2019,Beja,112
1934,2019,Belmonte,18
1935,2019,Benavente,63
1936,2019,Bombarral,11
1937,2019,Borba,8
1938,2019,Boticas,35
1939,2019,Braga,82
1940,2019,Bragança,56
1941,2019,Cabeceiras de Basto,72
1942,2019,Cadaval,28
1943,2019,Caldas da Rainha,72
1944,2019,Caminha,29
1945,2019,Campo Maior,43
1946,2019,Cantanhede,47
1947,2019,Carrazeda de Ansiães,27
1948,2019,Carregal do Sal,8
1949,2019,Cartaxo,25
1950,2019,Cascais,66
1951,2019,Castanheira de Pêra,1
1952,2019,Castelo Branco,90
1953,2019,Castelo de Paiva,50
1954,2019,Castelo de Vide,13
1955,2019,Castro Daire,99
1956,2019,Castro Marim,15
1957,2019,Castro Verde,15
1958,2019,Celorico da Beira,13
1959,2019,Celorico de Basto,107
1960,2019,Chamusca,12
1961,2019,Chaves,66
1962,2019,Cinfães,70
1963,2019,Coimbra,37
1964,2019,Condeixa-a-nova,16
1965,2019,Constância,5
1966,2019,Coruche,45
1967,2019,Covilhã,91
1968,2019,Crato,12
1969,2019,Cuba,10
1970,2019,Elvas,73
1971,2019,Entroncamento,6
1972,2019,Espinho,20
1973,2019,Esposende,15
1974,2019,Estarreja,38
1975,2019,Estremoz,35
1976,2019,Fafe,78
1977,2019,Faro,35
1978,2019,Felgueiras,121
1979,2019,Ferreira do Alentejo,16
1980,2019,Ferreira do Zêzere,7
1981,2019,Figueira da Foz,63
1982,2019,Figueira de Castelo Rodrigo,21
1983,2019,Figueiró Dos Vinhos,9
1984,2019,Figueiró dos Vinhos,2
1985,2019,Fornos de Algodres,9
1986,2019,Freixo de Espada À Cinta,18
1987,2019,Fronteira,8
1988,2019,Fundão,115
1989,2019,Gavião,18
1990,2019,Golegã,2
1991,2019,Gondomar,177
1992,2019,Gouveia,22
1993,2019,Grândola,24
1994,2019,Guarda,24
1995,2019,Guimarães,119
1996,2019,Góis,5
1997,2019,Idanha-a-nova,41
1998,2019,Lagoa,10
1999,2019,Lagos,30
2000,2019,Lamego,48
2001,2019,Leiria,83
2002,2019,Lisboa,32
2003,2019,Loulé,68
2004,2019,Loures,54
2005,2019,Lourinhã,16
2006,2019,Lousada,100
2007,2019,Lousã,9
2008,2019,Macedo de Cavaleiros,26
2009,2019,Mafra,82
2010,2019,Maia,59
2011,2019,Mangualde,31
2012,2019,Manteigas,4
2013,2019,Marco de Canaveses,114
2014,2019,Marinha Grande,18
2015,2019,Marvão,11
2016,2019,Matosinhos,25
2017,2019,Mação,17
2018,2019,Mealhada,33
2019,2019,Melgaço,12
2020,2019,Mesão Frio,3
2021,2019,Mira,6
2022,2019,Miranda do Corvo,9
2023,2019,Miranda do Douro,5
2024,2019,Mirandela,32
2025,2019,Mogadouro,18
2026,2019,Moimenta da Beira,25
2027,2019,Moita,26
2028,2019,Monchique,8
2029,2019,Mondim de Basto,26
2030,2019,Monforte,5
2031,2019,Montalegre,168
2032,2019,Montemor-o-Novo,9
2033,2019,Montemor-o-Velho,1
2034,2019,Montemor-o-novo,24
2035,2019,Montemor-o-velho,24
2036,2019,Montijo,34
2037,2019,Monção,34
2038,2019,Mora,15
2039,2019,Mortágua,9
2040,2019,Moura,28
2041,2019,Mourão,16
2042,2019,Murtosa,12
2043,2019,Murça,20
2044,2019,Mértola,26
2045,2019,Mêda,17
2046,2019,Nazaré,5
2047,2019,Nelas,46
2048,2019,Nisa,16
2049,2019,Odemira,47
2050,2019,Odivelas,21
2051,2019,Oeiras,27
2052,2019,Oleiros,20
2053,2019,Olhão,22
2054,2019,Oliveira de Azeméis,92
2055,2019,Oliveira de Frades,10
2056,2019,Oliveira do Bairro,17
2057,2019,Oliveira do Hospital,13
2058,2019,Ourique,22
2059,2019,Ourém,63
2060,2019,Ovar,34
2061,2019,Palmela,96
2062,2019,Pampilhosa da Serra,7
2063,2019,Paredes,266
2064,2019,Paredes de Coura,35
2065,2019,Paços de Ferreira,92
2066,2019,Pedrógão Grande,10
2067,2019,Penacova,11
2068,2019,Penafiel,216
2069,2019,Penalva do Castelo,20
2070,2019,Penamacor,16
2071,2019,Penedono,31
2072,2019,Penela,11
2073,2019,Peniche,23
2074,2019,Peso da Régua,14
2075,2019,Pinhel,15
2076,2019,Pombal,79
2077,2019,Ponte da Barca,81
2078,2019,Ponte de Lima,120
2079,2019,Ponte de Sor,22
2080,2019,Portalegre,26
2081,2019,Portel,19
2082,2019,Portimão,28
2083,2019,Porto de Mós,34
2084,2019,Proença-a-nova,17
2085,2019,Póvoa de Lanhoso,61
2086,2019,Póvoa de Varzim,25
2087,2019,Redondo,19
2088,2019,Reguengos de Monsaraz,29
2089,2019,Resende,37
2090,2019,Ribeira de Pena,40
2091,2019,Rio Maior,51
2092,2019,Sabrosa,12
2093,2019,Sabugal,48
2094,2019,Salvaterra de Magos,39
2095,2019,Santa Comba Dão,10
2096,2019,Santa Maria da Feira,145
2097,2019,Santa Marta de Penaguião,11
2098,2019,Santarém,92
2099,2019,Santiago do Cacém,41
2100,2019,Santo Tirso,83
2101,2019,Sardoal,9
2102,2019,Seia,22
2103,2019,Seixal,33
2104,2019,Sernancelhe,49
2105,2019,Serpa,34
2106,2019,Sertã,36
2107,2019,Sesimbra,33
2108,2019,Setúbal,22
2109,2019,Sever do Vouga,28
2110,2019,Silves,54
2111,2019,Sines,11
2112,2019,Sintra,184
2113,2019,Sobral de Monte Agraço,18
2114,2019,Soure,12
2115,2019,Sousel,9
2116,2019,Sátão,26
2117,2019,São Brás de Alportel,20
2118,2019,São João da Madeira,5
2119,2019,São João da Pesqueira,38
2120,2019,São Pedro do Sul,17
2121,2019,Tabuaço,14
2122,2019,Tarouca,27
2123,2019,Tavira,36
2124,2019,Terras de Bouro,32
2125,2019,Tomar,89
2126,2019,Tondela,24
2127,2019,Torre de Moncorvo,31
2128,2019,Torres Novas,34
2129,2019,Torres Vedras,67
2130,2019,Trancoso,28
2131,2019,Trofa,46
2132,2019,Tábua,27
2133,2019,Vagos,21
2134,2019,Vale de Cambra,37
2135,2019,Valença,39
2136,2019,Valongo,106
2137,2019,Valpaços,69
2138,2019,Vendas Novas,7
2139,2019,Viana do Alentejo,9
2140,2019,Viana do Castelo,84
2141,2019,Vidigueira,21
2142,2019,Vieira do Minho,72
2143,2019,Vila Flor,12
2144,2019,Vila Franca de Xira,40
2145,2019,Vila Nova da Barquinha,3
2146,2019,Vila Nova de Cerveira,11
2147,2019,Vila Nova de Famalicão,69
2148,2019,Vila Nova de Foz Côa,48
2149,2019,Vila Nova de Gaia,152
2150,2019,Vila Nova de Paiva,34
2151,2019,Vila Nova de Poiares,3
2152,2019,Vila Pouca de Aguiar,53
2153,2019,Vila Real,101
2154,2019,Vila Real de Santo António,14
2155,2019,Vila Velha de Ródão,12
2156,2019,Vila Verde,114
2157,2019,Vila Viçosa,12
2158,2019,Vila de Rei,2
2159,2019,Vila do Bispo,17
2160,2019,Vila do Conde,69
2161,2019,Vimioso,10
2162,2019,Vinhais,53
2163,2019,Viseu,77
2164,2019,Vizela,23
2165,2019,Vouzela,17
2166,2019,Águeda,50
2167,2019,Évora,82
2168,2019,Ílhavo,19
2169,2019,Óbidos,61
2170,2020,Abrantes,54
2171,2020,Aguiar da Beira,9
2172,2020,Alandroal,10
2173,2020,Albergaria-a-Velha,1
2174,2020,Albergaria-a-velha,54
2175,2020,Albufeira,9
2176,2020,Alcanena,17
2177,2020,Alcobaça,27
2178,2020,Alcochete,12
2179,2020,Alcoutim,6
2180,2020,Alcácer do Sal,20
2181,2020,Alenquer,68
2182,2020,Alfândega da Fé,21
2183,2020,Alijó,14
2184,2020,Aljezur,11
2185,2020,Aljustrel,16
2186,2020,Almada,55
2187,2020,Almeida,18
2188,2020,Almeirim,19
2189,2020,Almodôvar,18
2190,2020,Alpiarça,14
2191,2020,Alter do Chão,10
2192,2020,Alvaiázere,16
2193,2020,Alvito,8
2194,2020,Amadora,23
2195,2020,Amarante,146
2196,2020,Amares,18
2197,2020,Anadia,16
2198,2020,Ansião,6
2199,2020,Arcos de Valdevez,178
2200,2020,Arganil,8
2201,2020,Armamar,12
2202,2020,Arouca,51
2203,2020,Arraiolos,10
2204,2020,Arronches,5
2205,2020,Arruda Dos Vinhos,36
2206,2020,Aveiro,50
2207,2020,Avis,9
2208,2020,Azambuja,44
2209,2020,Baião,114
2210,2020,Barcelos,49
2211,2020,Barrancos,1
2212,2020,Barreiro,15
2213,2020,Batalha,10
2214,2020,Beja,56
2215,2020,Belmonte,11
2216,2020,Benavente,32
2217,2020,Bombarral,8
2218,2020,Borba,12
2219,2020,Boticas,36
2220,2020,Braga,70
2221,2020,Bragança,38
2222,2020,Cabeceiras de Basto,84
2223,2020,Cadaval,9
2224,2020,Caldas da Rainha,23
2225,2020,Caminha,14
2226,2020,Campo Maior,32
2227,2020,Cantanhede,25
2228,2020,Carrazeda de Ansiães,11
2229,2020,Carregal do Sal,11
2230,2020,Cartaxo,18
2231,2020,Cascais,15
2232,2020,Castanheira de Pêra,2
2233,2020,Castelo Branco,88
2234,2020,Castelo de Paiva,29
2235,2020,Castelo de Vide,4
2236,2020,Castro Daire,57
2237,2020,Castro Marim,11
2238,2020,Castro Verde,6
2239,2020,Celorico da Beira,20
2240,2020,Celorico de Basto,138
2241,2020,Chamusca,12
2242,2020,Chaves,73
2243,2020,Cinfães,94
2244,2020,Coimbra,48
2245,2020,Condeixa-a-nova,6
2246,2020,Constância,7
2247,2020,Coruche,28
2248,2020,Covilhã,57
2249,2020,Crato,11
2250,2020,Cuba,8
2251,2020,Elvas,33
2252,2020,Entroncamento,3
2253,2020,Espinho,10
2254,2020,Esposende,6
2255,2020,Estarreja,20
2256,2020,Estremoz,27
2257,2020,Fafe,73
2258,2020,Faro,22
2259,2020,Felgueiras,241
2260,2020,Ferreira do Alentejo,15
2261,2020,Ferreira do Zêzere,16
2262,2020,Figueira da Foz,43
2263,2020,Figueira de Castelo Rodrigo,26
2264,2020,Figueiró Dos Vinhos,19
2265,2020,Fornos de Algodres,12
2266,2020,Freixo de Espada À Cinta,9
2267,2020,Fronteira,7
2268,2020,Fundão,43
2269,2020,Gavião,9
2270,2020,Golegã,1
2271,2020,Gondomar,157
2272,2020,Gouveia,16
2273,2020,Grândola,19
2274,2020,Guarda,45
2275,2020,Guimarães,95
2276,2020,Góis,13
2277,2020,Idanha-a-nova,28
2278,2020,Lagoa,4
2279,2020,Lagos,22
2280,2020,Lamego,39
2281,2020,Leiria,84
2282,2020,Lisboa,14
2283,2020,Loulé,24
2284,2020,Loures,42
2285,2020,Lourinhã,14
2286,2020,Lousada,151
2287,2020,Lousã,7
2288,2020,Macedo de Cavaleiros,17
2289,2020,Mafra,81
2290,2020,Maia,84
2291,2020,Mangualde,19
2292,2020,Manteigas,4
2293,2020,Marco de Canaveses,118
2294,2020,Marinha Grande,3
2295,2020,Marvão,6
2296,2020,Matosinhos,36
2297,2020,Mação,6
2298,2020,Mealhada,13
2299,2020,Melgaço,18
2300,2020,Mesão Frio,8
2301,2020,Mira,11
2302,2020,Miranda do Corvo,7
2303,2020,Miranda do Douro,9
2304,2020,Mirandela,42
2305,2020,Mogadouro,20
2306,2020,Moimenta da Beira,18
2307,2020,Moita,25
2308,2020,Monchique,8
2309,2020,Mondim de Basto,25
2310,2020,Monforte,6
2311,2020,Montalegre,134
2312,2020,Montemor-o-Novo,9
2313,2020,Montemor-o-novo,4
2314,2020,Montemor-o-velho,12
2315,2020,Montijo,33
2316,2020,Monção,44
2317,2020,Mora,2
2318,2020,Mortágua,3
2319,2020,Moura,19
2320,2020,Mourão,7
2321,2020,Murtosa,11
2322,2020,Murça,24
2323,2020,Mértola,18
2324,2020,Mêda,32
2325,2020,Nazaré,12
2326,2020,Nelas,20
2327,2020,Nisa,15
2328,2020,Odemira,39
2329,2020,Odivelas,41
2330,2020,Oeiras,14
2331,2020,Oleiros,14
2332,2020,Olhão,7
2333,2020,Oliveira de Azeméis,59
2334,2020,Oliveira de Frades,24
2335,2020,Oliveira do Bairro,42
2336,2020,Oliveira do Hospital,6
2337,2020,Ourique,15
2338,2020,Ourém,97
2339,2020,Ovar,42
2340,2020,Palmela,60
2341,2020,Pampilhosa da Serra,4
2342,2020,Paredes,481
2343,2020,Paredes de Coura,12
2344,2020,Paços de Ferreira,125
2345,2020,Pedrógão Grande,4
2346,2020,Penacova,5
2347,2020,Penafiel,171
2348,2020,Penalva do Castelo,12
2349,2020,Penamacor,16
2350,2020,Penedono,12
2351,2020,Penela,8
2352,2020,Peniche,9
2353,2020,Peso da Régua,14
2354,2020,Pinhel,31
2355,2020,Pombal,62
2356,2020,Ponte da Barca,94
2357,2020,Ponte de Lima,106
2358,2020,Ponte de Sor,20
2359,2020,Portalegre,19
2360,2020,Portel,6
2361,2020,Portimão,16
2362,2020,Porto de Mós,19
2363,2020,Proença-a-nova,7
2364,2020,Póvoa de Lanhoso,72
2365,2020,Póvoa de Varzim,41
2366,2020,Redondo,14
2367,2020,Reguengos de Monsaraz,23
2368,2020,Resende,17
2369,2020,Ribeira de Pena,29
2370,2020,Rio Maior,25
2371,2020,Sabrosa,4
2372,2020,Sabugal,30
2373,2020,Salvaterra de Magos,41
2374,2020,Santa Comba Dão,3
2375,2020,Santa Maria da Feira,124
2376,2020,Santa Marta de Penaguião,7
2377,2020,Santarém,81
2378,2020,Santiago do Cacém,15
2379,2020,Santo Tirso,163
2380,2020,Sardoal,29
2381,2020,Seia,14
2382,2020,Seixal,28
2383,2020,Sernancelhe,31
2384,2020,Serpa,16
2385,2020,Sertã,23
2386,2020,Sesimbra,12
2387,2020,Setúbal,31
2388,2020,Sever do Vouga,30
2389,2020,Silves,25
2390,2020,Sines,13
2391,2020,Sintra,105
2392,2020,Sobral de Monte Agraço,7
2393,2020,Soure,12
2394,2020,Sousel,3
2395,2020,Sátão,25
2396,2020,São Brás de Alportel,9
2397,2020,São João da Madeira,4
2398,2020,São João da Pesqueira,15
2399,2020,São Pedro do Sul,10
2400,2020,Tabuaço,5
2401,2020,Tarouca,18
2402,2020,Tavira,21
2403,2020,Terras de Bouro,34
2404,2020,Tomar,51
2405,2020,Tondela,19
2406,2020,Torre de Moncorvo,18
2407,2020,Torres Novas,30
2408,2020,Torres Vedras,40
2409,2020,Trancoso,14
2410,2020,Trofa,85
2411,2020,Tábua,14
2412,2020,Vagos,8
2413,2020,Vale de Cambra,43
2414,2020,Valença,36
2415,2020,Valongo,169
2416,2020,Valpaços,87
2417,2020,Vendas Novas,1
2418,2020,Viana do Alentejo,5
2419,2020,Viana do Castelo,90
2420,2020,Vidigueira,12
2421,2020,Vieira do Minho,52
2422,2020,Vila FLor,5
2423,2020,Vila Flor,14
2424,2020,Vila Franca de Xira,33
2425,2020,Vila Nova da Barquinha,5
2426,2020,Vila Nova de Cerveira,14
2427,2020,Vila Nova de Famalicão,65
2428,2020,Vila Nova de Foz Côa,29
2429,2020,Vila Nova de Gaia,138
2430,2020,Vila Nova de Paiva,28
2431,2020,Vila Nova de Poiares,1
2432,2020,Vila Pouca de Aguiar,66
2433,2020,Vila Real,51
2434,2020,Vila Real de Santo António,11
2435,2020,Vila Velha de Ródão,13
2436,2020,Vila Verde,196
2437,2020,Vila Viçosa,9
2438,2020,Vila de Rei,5
2439,2020,Vila do Bispo,3
2440,2020,Vila do Conde,49
2441,2020,Vimioso,15
2442,2020,Vinhais,44
2443,2020,Viseu,73
2444,2020,Vizela,17
2445,2020,Vouzela,12
2446,2020,Águeda,30
2447,2020,Évora,28
2448,2020,Ílhavo,16
2449,2020,Óbidos,49
2450,2021,Abrantes,37
2451,2021,Aguiar da Beira,8
2452,2021,Alandroal,12
2453,2021,Albergaria-a-Velha,20
2454,2021,Albergaria-a-velha,16
2455,2021,Albufeira,15
2456,2021,Alcanena,11
2457,2021,Alcobaça,20
2458,2021,Alcochete,13
2459,2021,Alcoutim,5
2460,2021,Alcácer do Sal,36
2461,2021,Alenquer,96
2462,2021,Alfândega da Fé,6
2463,2021,Alijó,20
2464,2021,Aljezur,17
2465,2021,Aljustrel,16
2466,2021,Almada,70
2467,2021,Almeida,13
2468,2021,Almeirim,26
2469,2021,Almodôvar,11
2470,2021,Alpiarça,10
2471,2021,Alter do Chão,13
2472,2021,Alvaiázere,8
2473,2021,Alvito,8
2474,2021,Amadora,37
2475,2021,Amarante,130
2476,2021,Amares,12
2477,2021,Anadia,14
2478,2021,Ansião,14
2479,2021,Arcos de Valdevez,133
2480,2021,Arganil,11
2481,2021,Armamar,11
2482,2021,Arouca,78
2483,2021,Arraiolos,10
2484,2021,Arronches,10
2485,2021,Arruda Dos Vinhos,25
2486,2021,Aveiro,50
2487,2021,Avis,10
2488,2021,Azambuja,41
2489,2021,Baião,96
2490,2021,Barcelos,46
2491,2021,Barrancos,1
2492,2021,Barreiro,29
2493,2021,Batalha,4
2494,2021,Beja,81
2495,2021,Belmonte,12
2496,2021,Benavente,41
2497,2021,Bombarral,9
2498,2021,Borba,14
2499,2021,Boticas,47
2500,2021,Braga,43
2501,2021,Bragança,42
2502,2021,Cabeceiras de Basto,58
2503,2021,Cadaval,21
2504,2021,Caldas da Rainha,9
2505,2021,Caminha,16
2506,2021,Campo Maior,22
2507,2021,Cantanhede,18
2508,2021,Carrazeda de Ansiães,22
2509,2021,Carregal do Sal,10
2510,2021,Cartaxo,26
2511,2021,Cascais,40
2512,2021,Castanheira de Pêra,2
2513,2021,Castelo Branco,65
2514,2021,Castelo de Paiva,37
2515,2021,Castelo de Vide,2
2516,2021,Castro Daire,84
2517,2021,Castro Marim,16
2518,2021,Castro Verde,13
2519,2021,Celorico da Beira,11
2520,2021,Celorico de Basto,75
2521,2021,Chamusca,12
2522,2021,Chaves,46
2523,2021,Cinfães,70
2524,2021,Coimbra,28
2525,2021,Condeixa-a-nova,2
2526,2021,Constância,4
2527,2021,Coruche,26
2528,2021,Covilhã,45
2529,2021,Crato,6
2530,2021,Cuba,5
2531,2021,Elvas,35
2532,2021,Entroncamento,2
2533,2021,Espinho,10
2534,2021,Esposende,14
2535,2021,Estarreja,18
2536,2021,Estremoz,16
2537,2021,Fafe,86
2538,2021,Faro,29
2539,2021,Felgueiras,89
2540,2021,Ferreira do Alentejo,21
2541,2021,Ferreira do Zêzere,10
2542,2021,Figueira da Foz,22
2543,2021,Figueira de Castelo Rodrigo,23
2544,2021,Figueiró Dos Vinhos,7
2545,2021,Fornos de Algodres,6
2546,2021,Freixo de Espada À Cinta,22
2547,2021,Fronteira,7
2548,2021,Fundão,45
2549,2021,Gavião,4
2550,2021,Golegã,2
2551,2021,Gondomar,108
2552,2021,Gouveia,7
2553,2021,Grândola,22
2554,2021,Guarda,28
2555,2021,Guimarães,75
2556,2021,Góis,7
2557,2021,Idanha-a-nova,26
2558,2021,Lagoa,15
2559,2021,Lagos,20
2560,2021,Lamego,36
2561,2021,Leiria,48
2562,2021,Lisboa,16
2563,2021,Loulé,54
2564,2021,Loures,56
2565,2021,Lourinhã,29
2566,2021,Lousada,84
2567,2021,Lousã,5
2568,2021,Macedo de Cavaleiros,14
2569,2021,Mafra,79
2570,2021,Maia,57
2571,2021,Mangualde,17
2572,2021,Manteigas,3
2573,2021,Marco de Canaveses,96
2574,2021,Marinha Grande,13
2575,2021,Marvão,8
2576,2021,Matosinhos,24
2577,2021,Mação,5
2578,2021,Mealhada,10
2579,2021,Melgaço,16
2580,2021,Mesão Frio,9
2581,2021,Mira,6
2582,2021,Miranda do Corvo,8
2583,2021,Miranda do Douro,6
2584,2021,Mirandela,36
2585,2021,Mogadouro,11
2586,2021,Moimenta da Beira,12
2587,2021,Moita,33
2588,2021,Monchique,12
2589,2021,Mondim de Basto,20
2590,2021,Monforte,6
2591,2021,Montalegre,191
2592,2021,Montemor-o-Novo,23
2593,2021,Montemor-o-novo,12
2594,2021,Montemor-o-velho,13
2595,2021,Montijo,55
2596,2021,Monção,41
2597,2021,Mora,7
2598,2021,Mortágua,2
2599,2021,Moura,20
2600,2021,Mourão,10
2601,2021,Murtosa,3
2602,2021,Murça,18
2603,2021,Mértola,11
2604,2021,Mêda,15
2605,2021,Nazaré,2
2606,2021,Nelas,12
2607,2021,Nisa,15
2608,2021,Odemira,46
2609,2021,Odivelas,30
2610,2021,Oeiras,17
2611,2021,Oleiros,4
2612,2021,Olhão,12
2613,2021,Oliveira de Azeméis,40
2614,2021,Oliveira de Frades,6
2615,2021,Oliveira do Bairro,22
2616,2021,Oliveira do Hospital,8
2617,2021,Ourique,18
2618,2021,Ourém,64
2619,2021,Ovar,27
2620,2021,Palmela,86
2621,2021,Pampilhosa da Serra,6
2622,2021,Paredes,138
2623,2021,Paredes de Coura,39
2624,2021,Paços de Ferreira,76
2625,2021,Pedrógão Grande,3
2626,2021,Penacova,4
2627,2021,Penafiel,122
2628,2021,Penalva do Castelo,8
2629,2021,Penamacor,6
2630,2021,Penedono,21
2631,2021,Penela,6
2632,2021,Peniche,6
2633,2021,Peso da Régua,11
2634,2021,Pinhel,17
2635,2021,Pombal,36
2636,2021,Ponte da Barca,78
2637,2021,Ponte de Lima,87
2638,2021,Ponte de Sor,22
2639,2021,Portalegre,26
2640,2021,Portel,12
2641,2021,Portimão,20
2642,2021,Porto,7
2643,2021,Porto de Mós,9
2644,2021,Proença-a-nova,9
2645,2021,Póvoa de Lanhoso,68
2646,2021,Póvoa de Varzim,49
2647,2021,Redondo,8
2648,2021,Reguengos de Monsaraz,20
2649,2021,Resende,28
2650,2021,Ribeira de Pena,32
2651,2021,Rio Maior,15
2652,2021,Sabrosa,9
2653,2021,Sabugal,27
2654,2021,Salvaterra de Magos,27
2655,2021,Santa Comba Dão,4
2656,2021,Santa Maria da Feira,202
2657,2021,Santa Marta de Penaguião,22
2658,2021,Santarém,72
2659,2021,Santiago do Cacém,24
2660,2021,Santo Tirso,82
2661,2021,Sardoal,13
2662,2021,Seia,15
2663,2021,Seixal,54
2664,2021,Sernancelhe,13
2665,2021,Serpa,29
2666,2021,Sertã,19
2667,2021,Sesimbra,15
2668,2021,Setúbal,47
2669,2021,Sever do Vouga,19
2670,2021,Silves,40
2671,2021,Sines,9
2672,2021,Sintra,109
2673,2021,Sobral de Monte Agraço,27
2674,2021,Soure,4
2675,2021,Sousel,7
2676,2021,Sátão,17
2677,2021,São Brás de Alportel,4
2678,2021,São João da Madeira,1
2679,2021,São João da Pesqueira,24
2680,2021,São Pedro do Sul,12
2681,2021,Tabuaço,7
2682,2021,Tarouca,13
2683,2021,Tavira,29
2684,2021,Terras de Bouro,24
2685,2021,Tomar,56
2686,2021,Tondela,18
2687,2021,Torre de Moncorvo,20
2688,2021,Torres Novas,23
2689,2021,Torres Vedras,75
2690,2021,Trancoso,15
2691,2021,Trofa,60
2692,2021,Tábua,5
2693,2021,VIZELA,1
2694,2021,Vagos,15
2695,2021,Vale de Cambra,18
2696,2021,Valença,55
2697,2021,Valongo,16
2698,2021,Valpaços,54
2699,2021,Vendas Novas,7
2700,2021,Viana do Alentejo,10
2701,2021,Viana do Castelo,87
2702,2021,Vidigueira,26
2703,2021,Vieira do Minho,95
2704,2021,Vila FLor,1
2705,2021,Vila Flor,4
2706,2021,Vila Franca de Xira,26
2707,2021,Vila Nova da Barquinha,4
2708,2021,Vila Nova de Cerveira,11
2709,2021,Vila Nova de Famalicão,59
2710,2021,Vila Nova de Foz Côa,29
2711,2021,Vila Nova de Gaia,114
2712,2021,Vila Nova de Paiva,42
2713,2021,Vila Nova de Poiares,2
2714,2021,Vila Pouca de Aguiar,77
2715,2021,Vila Real,60
2716,2021,Vila Real de Santo António,8
2717,2021,Vila Velha de Ródão,6
2718,2021,Vila Verde,66
2719,2021,Vila Viçosa,10
2720,2021,Vila de Rei,4
2721,2021,Vila do Bispo,3
2722,2021,Vila do Conde,11
2723,2021,Vimioso,10
2724,2021,Vinhais,33
2725,2021,Viseu,52
2726,2021,Vizela,18
2727,2021,Vouzela,8
2728,2021,Águeda,28
2729,2021,Évora,42
2730,2021,Ílhavo,11
2731,2021,Óbidos,11
2732,2022,Alandroal,1
2733,2022,Albergaria-a-velha,3
2734,2022,Albufeira,2
2735,2022,Alcanena,2
2736,2022,Alcochete,1
2737,2022,Alcoutim,2
2738,2022,Alcácer do Sal,2
2739,2022,Alenquer,10
2740,2022,Alfândega da Fé,1
2741,2022,Alijó,6
2742,2022,Aljezur,1
2743,2022,Almada,4
2744,2022,Almeida,4
2745,2022,Almeirim,2
2746,2022,Alpiarça,4
2747,2022,Alter do Chão,1
2748,2022,Amarante,12
2749,2022,Amares,4
2750,2022,Anadia,1
2751,2022,Arcos de Valdevez,71
2752,2022,Arouca,12
2753,2022,Arruda Dos Vinhos,2
2754,2022,Aveiro,4
2755,2022,Azambuja,6
2756,2022,Baião,15
2757,2022,Barcelos,6
2758,2022,Barreiro,1
2759,2022,Batalha,1
2760,2022,Beja,1
2761,2022,Bombarral,2
2762,2022,Boticas,30
2763,2022,Braga,13
2764,2022,Bragança,13
2765,2022,Cabeceiras de Basto,25
2766,2022,Cadaval,2
2767,2022,Caldas da Rainha,4
2768,2022,Campo Maior,1
2769,2022,Cantanhede,1
2770,2022,Carrazeda de Ansiães,5
2771,2022,Carregal do Sal,1
2772,2022,Castanheira de Pêra,1
2773,2022,Castelo de Paiva,3
2774,2022,Castelo de Vide,1
2775,2022,Castro Daire,39
2776,2022,Celorico de Basto,11
2777,2022,Chaves,21
2778,2022,Cinfães,35
2779,2022,Coimbra,2
2780,2022,Covilhã,4
2781,2022,Elvas,5
2782,2022,Esposende,2
2783,2022,Estarreja,3
2784,2022,Fafe,29
2785,2022,Faro,3
2786,2022,Felgueiras,17
2787,2022,Ferreira do Alentejo,1
2788,2022,Ferreira do Zêzere,1
2789,2022,Figueira da Foz,4
2790,2022,Figueira de Castelo Rodrigo,5
2791,2022,Fornos de Algodres,2
2792,2022,Freixo de Espada À Cinta,6
2793,2022,Fronteira,1
2794,2022,Fundão,7
2795,2022,Golegã,1
2796,2022,Gondomar,13
2797,2022,Gouveia,1
2798,2022,Grândola,1
2799,2022,Guarda,3
2800,2022,Guimarães,14
2801,2022,Lamego,8
2802,2022,Leiria,5
2803,2022,Lisboa,1
2804,2022,Loulé,1
2805,2022,Loures,2
2806,2022,Lourinhã,5
2807,2022,Lousada,9
2808,2022,Macedo de Cavaleiros,3
2809,2022,Mafra,9
2810,2022,Maia,3
2811,2022,Mangualde,2
2812,2022,Manteigas,1
2813,2022,Marco de Canaveses,11
2814,2022,Marinha Grande,1
2815,2022,Matosinhos,3
2816,2022,Mação,3
2817,2022,Mealhada,2
2818,2022,Melgaço,8
2819,2022,Mesão Frio,2
2820,2022,Miranda do Douro,1
2821,2022,Mirandela,3
2822,2022,Mogadouro,8
2823,2022,Moimenta da Beira,3
2824,2022,Moita,2
2825,2022,Mondim de Basto,11
2826,2022,Montalegre,97
2827,2022,Monção,13
2828,2022,Mourão,1
2829,2022,Murça,2
2830,2022,Mêda,2
2831,2022,Nisa,1
2832,2022,Odemira,1
2833,2022,Odivelas,2
2834,2022,Oleiros,1
2835,2022,Olhão,1
2836,2022,Oliveira de Azeméis,6
2837,2022,Oliveira de Frades,1
2838,2022,Oliveira do Bairro,1
2839,2022,Oliveira do Hospital,1
2840,2022,Ourique,1
2841,2022,Ourém,3
2842,2022,Ovar,6
2843,2022,Pampilhosa da Serra,2
2844,2022,Paredes,17
2845,2022,Paredes de Coura,22
2846,2022,Paços de Ferreira,12
2847,2022,Penafiel,30
2848,2022,Penalva do Castelo,1
2849,2022,Penamacor,1
2850,2022,Pinhel,2
2851,2022,Pombal,6
2852,2022,Ponte da Barca,21
2853,2022,Ponte de Lima,15
2854,2022,Ponte de Sor,1
2855,2022,Portalegre,2
2856,2022,Portel,1
2857,2022,Porto,1
2858,2022,Porto de Mós,2
2859,2022,Proença-a-nova,1
2860,2022,Póvoa de Lanhoso,27
2861,2022,Póvoa de Varzim,4
2862,2022,Resende,11
2863,2022,Ribeira de Pena,9
2864,2022,Rio Maior,2
2865,2022,Sabrosa,1
2866,2022,Sabugal,10
2867,2022,Salvaterra de Magos,1
2868,2022,Santa Comba Dão,1
2869,2022,Santa Maria da Feira,22
2870,2022,Santa Marta de Penaguião,3
2871,2022,Santarém,3
2872,2022,Santo Tirso,7
2873,2022,Seia,2
2874,2022,Seixal,1
2875,2022,Serpa,1
2876,2022,Sertã,1
2877,2022,Sesimbra,5
2878,2022,Silves,2
2879,2022,Sintra,15
2880,2022,Sobral de Monte Agraço,1
2881,2022,Sátão,3
2882,2022,São Brás de Alportel,1
2883,2022,São João da Madeira,1
2884,2022,São João da Pesqueira,2
2885,2022,São Pedro do Sul,4
2886,2022,Tabuaço,1
2887,2022,Tarouca,5
2888,2022,Tavira,2
2889,2022,Terras de Bouro,14
2890,2022,Tomar,3
2891,2022,Tondela,2
2892,2022,Torre de Moncorvo,2
2893,2022,Torres Vedras,11
2894,2022,Trancoso,1
2895,2022,Trofa,6
2896,2022,Vagos,1
2897,2022,Vale de Cambra,6
2898,2022,Valença,27
2899,2022,Valongo,3
2900,2022,Valpaços,16
2901,2022,Viana do Castelo,13
2902,2022,Vidigueira,2
2903,2022,Vieira do Minho,36
2904,2022,Vila Franca de Xira,2
2905,2022,Vila Nova de Cerveira,1
2906,2022,Vila Nova de Famalicão,11
2907,2022,Vila Nova de Gaia,14
2908,2022,Vila Nova de Paiva,16
2909,2022,Vila Pouca de Aguiar,20
2910,2022,Vila Real,15
2911,2022,Vila Verde,20
2912,2022,Vila do Conde,1
2913,2022,Vimioso,3
2914,2022,Vinhais,23
2915,2022,Viseu,13
2916,2022,Vizela,1
2917,2022,Vouzela,1
2918,2022,Águeda,1
2919,2022,Évora,1
